Timing Analyzer report for control_controller
Wed Aug 26 18:06:02 2026
Quartus Prime Version 25.1std.0 Build 1129 10/21/2025 SC Lite Edition


---------------------
; Table of Contents ;
---------------------
  1. Legal Notice
  2. Timing Analyzer Summary
  3. Parallel Compilation
  4. Clocks
  5. Slow 1200mV 85C Model Fmax Summary
  6. Timing Closure Recommendations
  7. Slow 1200mV 85C Model Setup Summary
  8. Slow 1200mV 85C Model Hold Summary
  9. Slow 1200mV 85C Model Recovery Summary
 10. Slow 1200mV 85C Model Removal Summary
 11. Slow 1200mV 85C Model Minimum Pulse Width Summary
 12. Slow 1200mV 85C Model Setup: 'clk_50MHz'
 13. Slow 1200mV 85C Model Hold: 'clk_50MHz'
 14. Slow 1200mV 85C Model Metastability Summary
 15. Slow 1200mV 0C Model Fmax Summary
 16. Slow 1200mV 0C Model Setup Summary
 17. Slow 1200mV 0C Model Hold Summary
 18. Slow 1200mV 0C Model Recovery Summary
 19. Slow 1200mV 0C Model Removal Summary
 20. Slow 1200mV 0C Model Minimum Pulse Width Summary
 21. Slow 1200mV 0C Model Setup: 'clk_50MHz'
 22. Slow 1200mV 0C Model Hold: 'clk_50MHz'
 23. Slow 1200mV 0C Model Metastability Summary
 24. Fast 1200mV 0C Model Setup Summary
 25. Fast 1200mV 0C Model Hold Summary
 26. Fast 1200mV 0C Model Recovery Summary
 27. Fast 1200mV 0C Model Removal Summary
 28. Fast 1200mV 0C Model Minimum Pulse Width Summary
 29. Fast 1200mV 0C Model Setup: 'clk_50MHz'
 30. Fast 1200mV 0C Model Hold: 'clk_50MHz'
 31. Fast 1200mV 0C Model Metastability Summary
 32. Multicorner Timing Analysis Summary
 33. Board Trace Model Assignments
 34. Input Transition Times
 35. Signal Integrity Metrics (Slow 1200mv 0c Model)
 36. Signal Integrity Metrics (Slow 1200mv 85c Model)
 37. Signal Integrity Metrics (Fast 1200mv 0c Model)
 38. Setup Transfers
 39. Hold Transfers
 40. Report TCCS
 41. Report RSKM
 42. Unconstrained Paths Summary
 43. Clock Status Summary
 44. Unconstrained Input Ports
 45. Unconstrained Output Ports
 46. Unconstrained Input Ports
 47. Unconstrained Output Ports
 48. Timing Analyzer Messages



----------------
; Legal Notice ;
----------------
Copyright (C) 2025  Altera Corporation. All rights reserved.
Your use of Altera Corporation's design tools, logic functions 
and other software and tools, and any partner logic 
functions, and any output files from any of the foregoing 
(including device programming or simulation files), and any 
associated documentation or information are expressly subject 
to the terms and conditions of the Altera Program License 
Subscription Agreement, the Altera Quartus Prime License Agreement,
the Altera IP License Agreement, or other applicable license
agreement, including, without limitation, that your use is for
the sole purpose of programming logic devices manufactured by
Altera and sold by Altera or its authorized distributors.  Please
refer to the Altera Software License Subscription Agreements 
on the Quartus Prime software download page.



+---------------------------------------------------------------------------------+
; Timing Analyzer Summary                                                         ;
+-----------------------+---------------------------------------------------------+
; Quartus Prime Version ; Version 25.1std.0 Build 1129 10/21/2025 SC Lite Edition ;
; Timing Analyzer       ; Legacy Timing Analyzer                                  ;
; Revision Name         ; control_controller                                      ;
; Device Family         ; Cyclone IV E                                            ;
; Device Name           ; EP4CE115F29C7                                           ;
; Timing Models         ; Final                                                   ;
; Delay Model           ; Combined                                                ;
; Rise/Fall Delays      ; Enabled                                                 ;
+-----------------------+---------------------------------------------------------+


+------------------------------------------+
; Parallel Compilation                     ;
+----------------------------+-------------+
; Processors                 ; Number      ;
+----------------------------+-------------+
; Number detected on machine ; 20          ;
; Maximum allowed            ; 14          ;
;                            ;             ;
; Average used               ; 1.10        ;
; Maximum used               ; 14          ;
;                            ;             ;
; Usage by Processor         ; % Time Used ;
;     Processor 1            ; 100.0%      ;
;     Processors 2-14        ;   0.8%      ;
+----------------------------+-------------+


+---------------------------------------------------------------------------------------------------------------------------------------------------------------------------------------+
; Clocks                                                                                                                                                                                ;
+------------+------+--------+------------+-------+-------+------------+-----------+-------------+-------+--------+-----------+------------+----------+--------+--------+---------------+
; Clock Name ; Type ; Period ; Frequency  ; Rise  ; Fall  ; Duty Cycle ; Divide by ; Multiply by ; Phase ; Offset ; Edge List ; Edge Shift ; Inverted ; Master ; Source ; Targets       ;
+------------+------+--------+------------+-------+-------+------------+-----------+-------------+-------+--------+-----------+------------+----------+--------+--------+---------------+
; clk_50MHz  ; Base ; 1.000  ; 1000.0 MHz ; 0.000 ; 0.500 ;            ;           ;             ;       ;        ;           ;            ;          ;        ;        ; { clk_50MHz } ;
+------------+------+--------+------------+-------+-------+------------+-----------+-------------+-------+--------+-----------+------------+----------+--------+--------+---------------+


+-------------------------------------------------+
; Slow 1200mV 85C Model Fmax Summary              ;
+-----------+-----------------+------------+------+
; Fmax      ; Restricted Fmax ; Clock Name ; Note ;
+-----------+-----------------+------------+------+
; 79.11 MHz ; 79.11 MHz       ; clk_50MHz  ;      ;
+-----------+-----------------+------------+------+
This panel reports FMAX for every clock in the design, regardless of the user-specified clock periods.  FMAX is only computed for paths where the source and destination registers or ports are driven by the same clock.  Paths of different clocks, including generated clocks, are ignored.  For paths between a clock and its inversion, FMAX is computed as if the rising and falling edges are scaled along with FMAX, such that the duty cycle (in terms of a percentage) is maintained. Altera recommends that you always use clock constraints and other slack reports for sign-off analysis.


----------------------------------
; Timing Closure Recommendations ;
----------------------------------
HTML report is unavailable in plain text report export.


+-------------------------------------+
; Slow 1200mV 85C Model Setup Summary ;
+-----------+---------+---------------+
; Clock     ; Slack   ; End Point TNS ;
+-----------+---------+---------------+
; clk_50MHz ; -11.640 ; -402.816      ;
+-----------+---------+---------------+


+------------------------------------+
; Slow 1200mV 85C Model Hold Summary ;
+-----------+-------+----------------+
; Clock     ; Slack ; End Point TNS  ;
+-----------+-------+----------------+
; clk_50MHz ; 0.403 ; 0.000          ;
+-----------+-------+----------------+


------------------------------------------
; Slow 1200mV 85C Model Recovery Summary ;
------------------------------------------
No paths to report.


-----------------------------------------
; Slow 1200mV 85C Model Removal Summary ;
-----------------------------------------
No paths to report.


+---------------------------------------------------+
; Slow 1200mV 85C Model Minimum Pulse Width Summary ;
+-----------+--------+------------------------------+
; Clock     ; Slack  ; End Point TNS                ;
+-----------+--------+------------------------------+
; clk_50MHz ; -3.000 ; -123.790                     ;
+-----------+--------+------------------------------+


+---------------------------------------------------------------------------------------------------------------------------------------------------------------------------------------------------------------------+
; Slow 1200mV 85C Model Setup: 'clk_50MHz'                                                                                                                                                                            ;
+---------+-----------------------------------------------------------------+-------------------------------------------------------------------+--------------+-------------+--------------+------------+------------+
; Slack   ; From Node                                                       ; To Node                                                           ; Launch Clock ; Latch Clock ; Relationship ; Clock Skew ; Data Delay ;
+---------+-----------------------------------------------------------------+-------------------------------------------------------------------+--------------+-------------+--------------+------------+------------+
; -11.640 ; counter_controller:u_counter_ctrl|year_counter:my_year|year[13] ; counter_controller:u_counter_ctrl|year_counter:my_year|year[12]   ; clk_50MHz    ; clk_50MHz   ; 1.000        ; -0.080     ; 12.558     ;
; -11.640 ; counter_controller:u_counter_ctrl|year_counter:my_year|year[13] ; counter_controller:u_counter_ctrl|year_counter:my_year|year[13]   ; clk_50MHz    ; clk_50MHz   ; 1.000        ; -0.080     ; 12.558     ;
; -11.640 ; counter_controller:u_counter_ctrl|year_counter:my_year|year[13] ; counter_controller:u_counter_ctrl|year_counter:my_year|year[11]   ; clk_50MHz    ; clk_50MHz   ; 1.000        ; -0.080     ; 12.558     ;
; -11.630 ; counter_controller:u_counter_ctrl|year_counter:my_year|year[11] ; counter_controller:u_counter_ctrl|year_counter:my_year|year[12]   ; clk_50MHz    ; clk_50MHz   ; 1.000        ; -0.080     ; 12.548     ;
; -11.630 ; counter_controller:u_counter_ctrl|year_counter:my_year|year[11] ; counter_controller:u_counter_ctrl|year_counter:my_year|year[13]   ; clk_50MHz    ; clk_50MHz   ; 1.000        ; -0.080     ; 12.548     ;
; -11.630 ; counter_controller:u_counter_ctrl|year_counter:my_year|year[11] ; counter_controller:u_counter_ctrl|year_counter:my_year|year[11]   ; clk_50MHz    ; clk_50MHz   ; 1.000        ; -0.080     ; 12.548     ;
; -11.623 ; counter_controller:u_counter_ctrl|year_counter:my_year|year[10] ; counter_controller:u_counter_ctrl|year_counter:my_year|year[12]   ; clk_50MHz    ; clk_50MHz   ; 1.000        ; -0.081     ; 12.540     ;
; -11.623 ; counter_controller:u_counter_ctrl|year_counter:my_year|year[10] ; counter_controller:u_counter_ctrl|year_counter:my_year|year[13]   ; clk_50MHz    ; clk_50MHz   ; 1.000        ; -0.081     ; 12.540     ;
; -11.623 ; counter_controller:u_counter_ctrl|year_counter:my_year|year[10] ; counter_controller:u_counter_ctrl|year_counter:my_year|year[11]   ; clk_50MHz    ; clk_50MHz   ; 1.000        ; -0.081     ; 12.540     ;
; -11.613 ; counter_controller:u_counter_ctrl|year_counter:my_year|year[13] ; counter_controller:u_counter_ctrl|month_counter:my_month|month[3] ; clk_50MHz    ; clk_50MHz   ; 1.000        ; -0.095     ; 12.516     ;
; -11.610 ; counter_controller:u_counter_ctrl|year_counter:my_year|year[13] ; counter_controller:u_counter_ctrl|year_counter:my_year|year[10]   ; clk_50MHz    ; clk_50MHz   ; 1.000        ; -0.079     ; 12.529     ;
; -11.603 ; counter_controller:u_counter_ctrl|year_counter:my_year|year[13] ; counter_controller:u_counter_ctrl|month_counter:my_month|month[2] ; clk_50MHz    ; clk_50MHz   ; 1.000        ; -0.095     ; 12.506     ;
; -11.603 ; counter_controller:u_counter_ctrl|year_counter:my_year|year[12] ; counter_controller:u_counter_ctrl|year_counter:my_year|year[12]   ; clk_50MHz    ; clk_50MHz   ; 1.000        ; -0.080     ; 12.521     ;
; -11.603 ; counter_controller:u_counter_ctrl|year_counter:my_year|year[12] ; counter_controller:u_counter_ctrl|year_counter:my_year|year[13]   ; clk_50MHz    ; clk_50MHz   ; 1.000        ; -0.080     ; 12.521     ;
; -11.603 ; counter_controller:u_counter_ctrl|year_counter:my_year|year[12] ; counter_controller:u_counter_ctrl|year_counter:my_year|year[11]   ; clk_50MHz    ; clk_50MHz   ; 1.000        ; -0.080     ; 12.521     ;
; -11.603 ; counter_controller:u_counter_ctrl|year_counter:my_year|year[11] ; counter_controller:u_counter_ctrl|month_counter:my_month|month[3] ; clk_50MHz    ; clk_50MHz   ; 1.000        ; -0.095     ; 12.506     ;
; -11.600 ; counter_controller:u_counter_ctrl|year_counter:my_year|year[11] ; counter_controller:u_counter_ctrl|year_counter:my_year|year[10]   ; clk_50MHz    ; clk_50MHz   ; 1.000        ; -0.079     ; 12.519     ;
; -11.596 ; counter_controller:u_counter_ctrl|year_counter:my_year|year[10] ; counter_controller:u_counter_ctrl|month_counter:my_month|month[3] ; clk_50MHz    ; clk_50MHz   ; 1.000        ; -0.096     ; 12.498     ;
; -11.593 ; counter_controller:u_counter_ctrl|year_counter:my_year|year[10] ; counter_controller:u_counter_ctrl|year_counter:my_year|year[10]   ; clk_50MHz    ; clk_50MHz   ; 1.000        ; -0.080     ; 12.511     ;
; -11.593 ; counter_controller:u_counter_ctrl|year_counter:my_year|year[11] ; counter_controller:u_counter_ctrl|month_counter:my_month|month[2] ; clk_50MHz    ; clk_50MHz   ; 1.000        ; -0.095     ; 12.496     ;
; -11.586 ; counter_controller:u_counter_ctrl|year_counter:my_year|year[10] ; counter_controller:u_counter_ctrl|month_counter:my_month|month[2] ; clk_50MHz    ; clk_50MHz   ; 1.000        ; -0.096     ; 12.488     ;
; -11.578 ; counter_controller:u_counter_ctrl|year_counter:my_year|year[13] ; counter_controller:u_counter_ctrl|month_counter:my_month|month[1] ; clk_50MHz    ; clk_50MHz   ; 1.000        ; -0.095     ; 12.481     ;
; -11.576 ; counter_controller:u_counter_ctrl|year_counter:my_year|year[12] ; counter_controller:u_counter_ctrl|month_counter:my_month|month[3] ; clk_50MHz    ; clk_50MHz   ; 1.000        ; -0.095     ; 12.479     ;
; -11.573 ; counter_controller:u_counter_ctrl|year_counter:my_year|year[12] ; counter_controller:u_counter_ctrl|year_counter:my_year|year[10]   ; clk_50MHz    ; clk_50MHz   ; 1.000        ; -0.079     ; 12.492     ;
; -11.568 ; counter_controller:u_counter_ctrl|year_counter:my_year|year[11] ; counter_controller:u_counter_ctrl|month_counter:my_month|month[1] ; clk_50MHz    ; clk_50MHz   ; 1.000        ; -0.095     ; 12.471     ;
; -11.566 ; counter_controller:u_counter_ctrl|year_counter:my_year|year[12] ; counter_controller:u_counter_ctrl|month_counter:my_month|month[2] ; clk_50MHz    ; clk_50MHz   ; 1.000        ; -0.095     ; 12.469     ;
; -11.561 ; counter_controller:u_counter_ctrl|year_counter:my_year|year[10] ; counter_controller:u_counter_ctrl|month_counter:my_month|month[1] ; clk_50MHz    ; clk_50MHz   ; 1.000        ; -0.096     ; 12.463     ;
; -11.541 ; counter_controller:u_counter_ctrl|year_counter:my_year|year[12] ; counter_controller:u_counter_ctrl|month_counter:my_month|month[1] ; clk_50MHz    ; clk_50MHz   ; 1.000        ; -0.095     ; 12.444     ;
; -11.304 ; counter_controller:u_counter_ctrl|year_counter:my_year|year[9]  ; counter_controller:u_counter_ctrl|year_counter:my_year|year[12]   ; clk_50MHz    ; clk_50MHz   ; 1.000        ; -0.513     ; 11.789     ;
; -11.304 ; counter_controller:u_counter_ctrl|year_counter:my_year|year[9]  ; counter_controller:u_counter_ctrl|year_counter:my_year|year[13]   ; clk_50MHz    ; clk_50MHz   ; 1.000        ; -0.513     ; 11.789     ;
; -11.304 ; counter_controller:u_counter_ctrl|year_counter:my_year|year[9]  ; counter_controller:u_counter_ctrl|year_counter:my_year|year[11]   ; clk_50MHz    ; clk_50MHz   ; 1.000        ; -0.513     ; 11.789     ;
; -11.277 ; counter_controller:u_counter_ctrl|year_counter:my_year|year[9]  ; counter_controller:u_counter_ctrl|month_counter:my_month|month[3] ; clk_50MHz    ; clk_50MHz   ; 1.000        ; -0.528     ; 11.747     ;
; -11.274 ; counter_controller:u_counter_ctrl|year_counter:my_year|year[9]  ; counter_controller:u_counter_ctrl|year_counter:my_year|year[10]   ; clk_50MHz    ; clk_50MHz   ; 1.000        ; -0.512     ; 11.760     ;
; -11.267 ; counter_controller:u_counter_ctrl|year_counter:my_year|year[9]  ; counter_controller:u_counter_ctrl|month_counter:my_month|month[2] ; clk_50MHz    ; clk_50MHz   ; 1.000        ; -0.528     ; 11.737     ;
; -11.242 ; counter_controller:u_counter_ctrl|year_counter:my_year|year[9]  ; counter_controller:u_counter_ctrl|month_counter:my_month|month[1] ; clk_50MHz    ; clk_50MHz   ; 1.000        ; -0.528     ; 11.712     ;
; -11.224 ; counter_controller:u_counter_ctrl|year_counter:my_year|year[13] ; counter_controller:u_counter_ctrl|day_counter:my_day|day[4]       ; clk_50MHz    ; clk_50MHz   ; 1.000        ; 0.324      ; 12.546     ;
; -11.224 ; counter_controller:u_counter_ctrl|year_counter:my_year|year[8]  ; counter_controller:u_counter_ctrl|year_counter:my_year|year[12]   ; clk_50MHz    ; clk_50MHz   ; 1.000        ; -0.504     ; 11.718     ;
; -11.224 ; counter_controller:u_counter_ctrl|year_counter:my_year|year[8]  ; counter_controller:u_counter_ctrl|year_counter:my_year|year[13]   ; clk_50MHz    ; clk_50MHz   ; 1.000        ; -0.504     ; 11.718     ;
; -11.224 ; counter_controller:u_counter_ctrl|year_counter:my_year|year[8]  ; counter_controller:u_counter_ctrl|year_counter:my_year|year[11]   ; clk_50MHz    ; clk_50MHz   ; 1.000        ; -0.504     ; 11.718     ;
; -11.222 ; counter_controller:u_counter_ctrl|year_counter:my_year|year[13] ; counter_controller:u_counter_ctrl|day_counter:my_day|day[2]       ; clk_50MHz    ; clk_50MHz   ; 1.000        ; 0.324      ; 12.544     ;
; -11.222 ; counter_controller:u_counter_ctrl|year_counter:my_year|year[13] ; counter_controller:u_counter_ctrl|day_counter:my_day|day[3]       ; clk_50MHz    ; clk_50MHz   ; 1.000        ; 0.324      ; 12.544     ;
; -11.214 ; counter_controller:u_counter_ctrl|year_counter:my_year|year[11] ; counter_controller:u_counter_ctrl|day_counter:my_day|day[4]       ; clk_50MHz    ; clk_50MHz   ; 1.000        ; 0.324      ; 12.536     ;
; -11.212 ; counter_controller:u_counter_ctrl|year_counter:my_year|year[11] ; counter_controller:u_counter_ctrl|day_counter:my_day|day[2]       ; clk_50MHz    ; clk_50MHz   ; 1.000        ; 0.324      ; 12.534     ;
; -11.212 ; counter_controller:u_counter_ctrl|year_counter:my_year|year[11] ; counter_controller:u_counter_ctrl|day_counter:my_day|day[3]       ; clk_50MHz    ; clk_50MHz   ; 1.000        ; 0.324      ; 12.534     ;
; -11.207 ; counter_controller:u_counter_ctrl|year_counter:my_year|year[10] ; counter_controller:u_counter_ctrl|day_counter:my_day|day[4]       ; clk_50MHz    ; clk_50MHz   ; 1.000        ; 0.323      ; 12.528     ;
; -11.205 ; counter_controller:u_counter_ctrl|year_counter:my_year|year[10] ; counter_controller:u_counter_ctrl|day_counter:my_day|day[2]       ; clk_50MHz    ; clk_50MHz   ; 1.000        ; 0.323      ; 12.526     ;
; -11.205 ; counter_controller:u_counter_ctrl|year_counter:my_year|year[10] ; counter_controller:u_counter_ctrl|day_counter:my_day|day[3]       ; clk_50MHz    ; clk_50MHz   ; 1.000        ; 0.323      ; 12.526     ;
; -11.197 ; counter_controller:u_counter_ctrl|year_counter:my_year|year[8]  ; counter_controller:u_counter_ctrl|month_counter:my_month|month[3] ; clk_50MHz    ; clk_50MHz   ; 1.000        ; -0.519     ; 11.676     ;
; -11.194 ; counter_controller:u_counter_ctrl|year_counter:my_year|year[8]  ; counter_controller:u_counter_ctrl|year_counter:my_year|year[10]   ; clk_50MHz    ; clk_50MHz   ; 1.000        ; -0.503     ; 11.689     ;
; -11.189 ; counter_controller:u_counter_ctrl|year_counter:my_year|year[13] ; counter_controller:u_counter_ctrl|year_counter:my_year|year[9]    ; clk_50MHz    ; clk_50MHz   ; 1.000        ; 0.336      ; 12.523     ;
; -11.187 ; counter_controller:u_counter_ctrl|year_counter:my_year|year[8]  ; counter_controller:u_counter_ctrl|month_counter:my_month|month[2] ; clk_50MHz    ; clk_50MHz   ; 1.000        ; -0.519     ; 11.666     ;
; -11.187 ; counter_controller:u_counter_ctrl|year_counter:my_year|year[12] ; counter_controller:u_counter_ctrl|day_counter:my_day|day[4]       ; clk_50MHz    ; clk_50MHz   ; 1.000        ; 0.324      ; 12.509     ;
; -11.185 ; counter_controller:u_counter_ctrl|year_counter:my_year|year[12] ; counter_controller:u_counter_ctrl|day_counter:my_day|day[2]       ; clk_50MHz    ; clk_50MHz   ; 1.000        ; 0.324      ; 12.507     ;
; -11.185 ; counter_controller:u_counter_ctrl|year_counter:my_year|year[12] ; counter_controller:u_counter_ctrl|day_counter:my_day|day[3]       ; clk_50MHz    ; clk_50MHz   ; 1.000        ; 0.324      ; 12.507     ;
; -11.179 ; counter_controller:u_counter_ctrl|year_counter:my_year|year[11] ; counter_controller:u_counter_ctrl|year_counter:my_year|year[9]    ; clk_50MHz    ; clk_50MHz   ; 1.000        ; 0.336      ; 12.513     ;
; -11.172 ; counter_controller:u_counter_ctrl|year_counter:my_year|year[10] ; counter_controller:u_counter_ctrl|year_counter:my_year|year[9]    ; clk_50MHz    ; clk_50MHz   ; 1.000        ; 0.335      ; 12.505     ;
; -11.162 ; counter_controller:u_counter_ctrl|year_counter:my_year|year[8]  ; counter_controller:u_counter_ctrl|month_counter:my_month|month[1] ; clk_50MHz    ; clk_50MHz   ; 1.000        ; -0.519     ; 11.641     ;
; -11.152 ; counter_controller:u_counter_ctrl|year_counter:my_year|year[12] ; counter_controller:u_counter_ctrl|year_counter:my_year|year[9]    ; clk_50MHz    ; clk_50MHz   ; 1.000        ; 0.336      ; 12.486     ;
; -10.888 ; counter_controller:u_counter_ctrl|year_counter:my_year|year[9]  ; counter_controller:u_counter_ctrl|day_counter:my_day|day[4]       ; clk_50MHz    ; clk_50MHz   ; 1.000        ; -0.109     ; 11.777     ;
; -10.886 ; counter_controller:u_counter_ctrl|year_counter:my_year|year[9]  ; counter_controller:u_counter_ctrl|day_counter:my_day|day[2]       ; clk_50MHz    ; clk_50MHz   ; 1.000        ; -0.109     ; 11.775     ;
; -10.886 ; counter_controller:u_counter_ctrl|year_counter:my_year|year[9]  ; counter_controller:u_counter_ctrl|day_counter:my_day|day[3]       ; clk_50MHz    ; clk_50MHz   ; 1.000        ; -0.109     ; 11.775     ;
; -10.857 ; counter_controller:u_counter_ctrl|year_counter:my_year|year[13] ; counter_controller:u_counter_ctrl|day_counter:my_day|day[0]       ; clk_50MHz    ; clk_50MHz   ; 1.000        ; 0.288      ; 12.143     ;
; -10.856 ; counter_controller:u_counter_ctrl|year_counter:my_year|year[13] ; counter_controller:u_counter_ctrl|day_counter:my_day|day[1]       ; clk_50MHz    ; clk_50MHz   ; 1.000        ; 0.288      ; 12.142     ;
; -10.853 ; counter_controller:u_counter_ctrl|year_counter:my_year|year[9]  ; counter_controller:u_counter_ctrl|year_counter:my_year|year[9]    ; clk_50MHz    ; clk_50MHz   ; 1.000        ; -0.097     ; 11.754     ;
; -10.847 ; counter_controller:u_counter_ctrl|year_counter:my_year|year[11] ; counter_controller:u_counter_ctrl|day_counter:my_day|day[0]       ; clk_50MHz    ; clk_50MHz   ; 1.000        ; 0.288      ; 12.133     ;
; -10.846 ; counter_controller:u_counter_ctrl|year_counter:my_year|year[11] ; counter_controller:u_counter_ctrl|day_counter:my_day|day[1]       ; clk_50MHz    ; clk_50MHz   ; 1.000        ; 0.288      ; 12.132     ;
; -10.840 ; counter_controller:u_counter_ctrl|year_counter:my_year|year[10] ; counter_controller:u_counter_ctrl|day_counter:my_day|day[0]       ; clk_50MHz    ; clk_50MHz   ; 1.000        ; 0.287      ; 12.125     ;
; -10.839 ; counter_controller:u_counter_ctrl|year_counter:my_year|year[10] ; counter_controller:u_counter_ctrl|day_counter:my_day|day[1]       ; clk_50MHz    ; clk_50MHz   ; 1.000        ; 0.287      ; 12.124     ;
; -10.820 ; counter_controller:u_counter_ctrl|year_counter:my_year|year[12] ; counter_controller:u_counter_ctrl|day_counter:my_day|day[0]       ; clk_50MHz    ; clk_50MHz   ; 1.000        ; 0.288      ; 12.106     ;
; -10.819 ; counter_controller:u_counter_ctrl|year_counter:my_year|year[12] ; counter_controller:u_counter_ctrl|day_counter:my_day|day[1]       ; clk_50MHz    ; clk_50MHz   ; 1.000        ; 0.288      ; 12.105     ;
; -10.808 ; counter_controller:u_counter_ctrl|year_counter:my_year|year[8]  ; counter_controller:u_counter_ctrl|day_counter:my_day|day[4]       ; clk_50MHz    ; clk_50MHz   ; 1.000        ; -0.100     ; 11.706     ;
; -10.806 ; counter_controller:u_counter_ctrl|year_counter:my_year|year[8]  ; counter_controller:u_counter_ctrl|day_counter:my_day|day[2]       ; clk_50MHz    ; clk_50MHz   ; 1.000        ; -0.100     ; 11.704     ;
; -10.806 ; counter_controller:u_counter_ctrl|year_counter:my_year|year[8]  ; counter_controller:u_counter_ctrl|day_counter:my_day|day[3]       ; clk_50MHz    ; clk_50MHz   ; 1.000        ; -0.100     ; 11.704     ;
; -10.799 ; counter_controller:u_counter_ctrl|year_counter:my_year|year[13] ; counter_controller:u_counter_ctrl|year_counter:my_year|year[1]    ; clk_50MHz    ; clk_50MHz   ; 1.000        ; 0.327      ; 12.124     ;
; -10.799 ; counter_controller:u_counter_ctrl|year_counter:my_year|year[13] ; counter_controller:u_counter_ctrl|year_counter:my_year|ones[0]    ; clk_50MHz    ; clk_50MHz   ; 1.000        ; 0.327      ; 12.124     ;
; -10.799 ; counter_controller:u_counter_ctrl|year_counter:my_year|year[13] ; counter_controller:u_counter_ctrl|year_counter:my_year|year[3]    ; clk_50MHz    ; clk_50MHz   ; 1.000        ; 0.327      ; 12.124     ;
; -10.799 ; counter_controller:u_counter_ctrl|year_counter:my_year|year[13] ; counter_controller:u_counter_ctrl|year_counter:my_year|year[2]    ; clk_50MHz    ; clk_50MHz   ; 1.000        ; 0.327      ; 12.124     ;
; -10.799 ; counter_controller:u_counter_ctrl|year_counter:my_year|year[13] ; counter_controller:u_counter_ctrl|year_counter:my_year|year[4]    ; clk_50MHz    ; clk_50MHz   ; 1.000        ; 0.327      ; 12.124     ;
; -10.799 ; counter_controller:u_counter_ctrl|year_counter:my_year|year[13] ; counter_controller:u_counter_ctrl|year_counter:my_year|year[5]    ; clk_50MHz    ; clk_50MHz   ; 1.000        ; 0.327      ; 12.124     ;
; -10.799 ; counter_controller:u_counter_ctrl|year_counter:my_year|year[13] ; counter_controller:u_counter_ctrl|year_counter:my_year|year[6]    ; clk_50MHz    ; clk_50MHz   ; 1.000        ; 0.327      ; 12.124     ;
; -10.799 ; counter_controller:u_counter_ctrl|year_counter:my_year|year[13] ; counter_controller:u_counter_ctrl|year_counter:my_year|year[7]    ; clk_50MHz    ; clk_50MHz   ; 1.000        ; 0.327      ; 12.124     ;
; -10.799 ; counter_controller:u_counter_ctrl|year_counter:my_year|year[13] ; counter_controller:u_counter_ctrl|year_counter:my_year|year[8]    ; clk_50MHz    ; clk_50MHz   ; 1.000        ; 0.327      ; 12.124     ;
; -10.789 ; counter_controller:u_counter_ctrl|year_counter:my_year|year[11] ; counter_controller:u_counter_ctrl|year_counter:my_year|year[1]    ; clk_50MHz    ; clk_50MHz   ; 1.000        ; 0.327      ; 12.114     ;
; -10.789 ; counter_controller:u_counter_ctrl|year_counter:my_year|year[11] ; counter_controller:u_counter_ctrl|year_counter:my_year|ones[0]    ; clk_50MHz    ; clk_50MHz   ; 1.000        ; 0.327      ; 12.114     ;
; -10.789 ; counter_controller:u_counter_ctrl|year_counter:my_year|year[11] ; counter_controller:u_counter_ctrl|year_counter:my_year|year[3]    ; clk_50MHz    ; clk_50MHz   ; 1.000        ; 0.327      ; 12.114     ;
; -10.789 ; counter_controller:u_counter_ctrl|year_counter:my_year|year[11] ; counter_controller:u_counter_ctrl|year_counter:my_year|year[2]    ; clk_50MHz    ; clk_50MHz   ; 1.000        ; 0.327      ; 12.114     ;
; -10.789 ; counter_controller:u_counter_ctrl|year_counter:my_year|year[11] ; counter_controller:u_counter_ctrl|year_counter:my_year|year[4]    ; clk_50MHz    ; clk_50MHz   ; 1.000        ; 0.327      ; 12.114     ;
; -10.789 ; counter_controller:u_counter_ctrl|year_counter:my_year|year[11] ; counter_controller:u_counter_ctrl|year_counter:my_year|year[5]    ; clk_50MHz    ; clk_50MHz   ; 1.000        ; 0.327      ; 12.114     ;
; -10.789 ; counter_controller:u_counter_ctrl|year_counter:my_year|year[11] ; counter_controller:u_counter_ctrl|year_counter:my_year|year[6]    ; clk_50MHz    ; clk_50MHz   ; 1.000        ; 0.327      ; 12.114     ;
; -10.789 ; counter_controller:u_counter_ctrl|year_counter:my_year|year[11] ; counter_controller:u_counter_ctrl|year_counter:my_year|year[7]    ; clk_50MHz    ; clk_50MHz   ; 1.000        ; 0.327      ; 12.114     ;
; -10.789 ; counter_controller:u_counter_ctrl|year_counter:my_year|year[11] ; counter_controller:u_counter_ctrl|year_counter:my_year|year[8]    ; clk_50MHz    ; clk_50MHz   ; 1.000        ; 0.327      ; 12.114     ;
; -10.782 ; counter_controller:u_counter_ctrl|year_counter:my_year|year[10] ; counter_controller:u_counter_ctrl|year_counter:my_year|year[1]    ; clk_50MHz    ; clk_50MHz   ; 1.000        ; 0.326      ; 12.106     ;
; -10.782 ; counter_controller:u_counter_ctrl|year_counter:my_year|year[10] ; counter_controller:u_counter_ctrl|year_counter:my_year|ones[0]    ; clk_50MHz    ; clk_50MHz   ; 1.000        ; 0.326      ; 12.106     ;
; -10.782 ; counter_controller:u_counter_ctrl|year_counter:my_year|year[10] ; counter_controller:u_counter_ctrl|year_counter:my_year|year[3]    ; clk_50MHz    ; clk_50MHz   ; 1.000        ; 0.326      ; 12.106     ;
; -10.782 ; counter_controller:u_counter_ctrl|year_counter:my_year|year[10] ; counter_controller:u_counter_ctrl|year_counter:my_year|year[2]    ; clk_50MHz    ; clk_50MHz   ; 1.000        ; 0.326      ; 12.106     ;
; -10.782 ; counter_controller:u_counter_ctrl|year_counter:my_year|year[10] ; counter_controller:u_counter_ctrl|year_counter:my_year|year[4]    ; clk_50MHz    ; clk_50MHz   ; 1.000        ; 0.326      ; 12.106     ;
; -10.782 ; counter_controller:u_counter_ctrl|year_counter:my_year|year[10] ; counter_controller:u_counter_ctrl|year_counter:my_year|year[5]    ; clk_50MHz    ; clk_50MHz   ; 1.000        ; 0.326      ; 12.106     ;
; -10.782 ; counter_controller:u_counter_ctrl|year_counter:my_year|year[10] ; counter_controller:u_counter_ctrl|year_counter:my_year|year[6]    ; clk_50MHz    ; clk_50MHz   ; 1.000        ; 0.326      ; 12.106     ;
; -10.782 ; counter_controller:u_counter_ctrl|year_counter:my_year|year[10] ; counter_controller:u_counter_ctrl|year_counter:my_year|year[7]    ; clk_50MHz    ; clk_50MHz   ; 1.000        ; 0.326      ; 12.106     ;
; -10.782 ; counter_controller:u_counter_ctrl|year_counter:my_year|year[10] ; counter_controller:u_counter_ctrl|year_counter:my_year|year[8]    ; clk_50MHz    ; clk_50MHz   ; 1.000        ; 0.326      ; 12.106     ;
+---------+-----------------------------------------------------------------+-------------------------------------------------------------------+--------------+-------------+--------------+------------+------------+


+---------------------------------------------------------------------------------------------------------------------------------------------------------------------------------------------------------------------+
; Slow 1200mV 85C Model Hold: 'clk_50MHz'                                                                                                                                                                             ;
+-------+-------------------------------------------------------------------+-------------------------------------------------------------------+--------------+-------------+--------------+------------+------------+
; Slack ; From Node                                                         ; To Node                                                           ; Launch Clock ; Latch Clock ; Relationship ; Clock Skew ; Data Delay ;
+-------+-------------------------------------------------------------------+-------------------------------------------------------------------+--------------+-------------+--------------+------------+------------+
; 0.403 ; clock_divider:u_clk_div|counter_blink[1]                          ; clock_divider:u_clk_div|counter_blink[1]                          ; clk_50MHz    ; clk_50MHz   ; 0.000        ; 0.080      ; 0.669      ;
; 0.403 ; btn_handler:u_btn_down|stable_cnt[2]                              ; btn_handler:u_btn_down|stable_cnt[2]                              ; clk_50MHz    ; clk_50MHz   ; 0.000        ; 0.080      ; 0.669      ;
; 0.403 ; btn_handler:u_btn_down|stable_cnt[1]                              ; btn_handler:u_btn_down|stable_cnt[1]                              ; clk_50MHz    ; clk_50MHz   ; 0.000        ; 0.080      ; 0.669      ;
; 0.403 ; btn_handler:u_btn_down|stable_cnt[3]                              ; btn_handler:u_btn_down|stable_cnt[3]                              ; clk_50MHz    ; clk_50MHz   ; 0.000        ; 0.080      ; 0.669      ;
; 0.403 ; btn_handler:u_btn_down|btn_debounced                              ; btn_handler:u_btn_down|btn_debounced                              ; clk_50MHz    ; clk_50MHz   ; 0.000        ; 0.080      ; 0.669      ;
; 0.403 ; btn_handler:u_btn_up|stable_cnt[1]                                ; btn_handler:u_btn_up|stable_cnt[1]                                ; clk_50MHz    ; clk_50MHz   ; 0.000        ; 0.080      ; 0.669      ;
; 0.403 ; btn_handler:u_btn_up|stable_cnt[2]                                ; btn_handler:u_btn_up|stable_cnt[2]                                ; clk_50MHz    ; clk_50MHz   ; 0.000        ; 0.080      ; 0.669      ;
; 0.403 ; btn_handler:u_btn_up|stable_cnt[3]                                ; btn_handler:u_btn_up|stable_cnt[3]                                ; clk_50MHz    ; clk_50MHz   ; 0.000        ; 0.080      ; 0.669      ;
; 0.403 ; btn_handler:u_btn_up|btn_debounced                                ; btn_handler:u_btn_up|btn_debounced                                ; clk_50MHz    ; clk_50MHz   ; 0.000        ; 0.080      ; 0.669      ;
; 0.404 ; blink_selector:u_blink_sel|blink_state                            ; blink_selector:u_blink_sel|blink_state                            ; clk_50MHz    ; clk_50MHz   ; 0.000        ; 0.079      ; 0.669      ;
; 0.404 ; counter_controller:u_counter_ctrl|month_counter:my_month|month[0] ; counter_controller:u_counter_ctrl|month_counter:my_month|month[0] ; clk_50MHz    ; clk_50MHz   ; 0.000        ; 0.079      ; 0.669      ;
; 0.408 ; btn_handler:u_btn_down|stable_cnt[0]                              ; btn_handler:u_btn_down|stable_cnt[0]                              ; clk_50MHz    ; clk_50MHz   ; 0.000        ; 0.080      ; 0.674      ;
; 0.408 ; btn_handler:u_btn_up|stable_cnt[0]                                ; btn_handler:u_btn_up|stable_cnt[0]                                ; clk_50MHz    ; clk_50MHz   ; 0.000        ; 0.080      ; 0.674      ;
; 0.429 ; btn_handler:u_btn_down|stable_cnt[2]                              ; btn_handler:u_btn_down|stable_cnt[3]                              ; clk_50MHz    ; clk_50MHz   ; 0.000        ; 0.080      ; 0.695      ;
; 0.441 ; btn_handler:u_btn_up|stable_cnt[0]                                ; btn_handler:u_btn_up|stable_cnt[2]                                ; clk_50MHz    ; clk_50MHz   ; 0.000        ; 0.080      ; 0.707      ;
; 0.444 ; btn_handler:u_btn_up|stable_cnt[0]                                ; btn_handler:u_btn_up|stable_cnt[1]                                ; clk_50MHz    ; clk_50MHz   ; 0.000        ; 0.080      ; 0.710      ;
; 0.461 ; btn_handler:u_btn_down|btn_debounced                              ; btn_handler:u_btn_down|btn_edge                                   ; clk_50MHz    ; clk_50MHz   ; 0.000        ; 0.080      ; 0.727      ;
; 0.464 ; clock_divider:u_clk_div|counter_blink[2]                          ; clock_divider:u_clk_div|counter_blink[1]                          ; clk_50MHz    ; clk_50MHz   ; 0.000        ; 0.080      ; 0.730      ;
; 0.465 ; clock_divider:u_clk_div|counter_blink[2]                          ; clock_divider:u_clk_div|counter_blink[5]                          ; clk_50MHz    ; clk_50MHz   ; 0.000        ; 0.080      ; 0.731      ;
; 0.553 ; btn_handler:u_btn_down|btn_sync1                                  ; btn_handler:u_btn_down|btn_sync2                                  ; clk_50MHz    ; clk_50MHz   ; 0.000        ; 0.080      ; 0.819      ;
; 0.569 ; clock_divider:u_clk_div|counter_blink[1]                          ; clock_divider:u_clk_div|tick_blink                                ; clk_50MHz    ; clk_50MHz   ; 0.000        ; 0.080      ; 0.835      ;
; 0.570 ; btn_handler:u_btn_up|btn_debounced                                ; btn_handler:u_btn_up|btn_debounced_d                              ; clk_50MHz    ; clk_50MHz   ; 0.000        ; 0.080      ; 0.836      ;
; 0.575 ; clock_divider:u_clk_div|counter_blink[1]                          ; clock_divider:u_clk_div|counter_blink[4]                          ; clk_50MHz    ; clk_50MHz   ; 0.000        ; 0.080      ; 0.841      ;
; 0.576 ; clock_divider:u_clk_div|counter_blink[1]                          ; clock_divider:u_clk_div|counter_blink[5]                          ; clk_50MHz    ; clk_50MHz   ; 0.000        ; 0.080      ; 0.842      ;
; 0.642 ; clock_divider:u_clk_div|counter_1hz[4]                            ; clock_divider:u_clk_div|counter_1hz[4]                            ; clk_50MHz    ; clk_50MHz   ; 0.000        ; 0.080      ; 0.908      ;
; 0.642 ; clock_divider:u_clk_div|counter_100hz[7]                          ; clock_divider:u_clk_div|counter_100hz[7]                          ; clk_50MHz    ; clk_50MHz   ; 0.000        ; 0.080      ; 0.908      ;
; 0.642 ; clock_divider:u_clk_div|counter_100hz[6]                          ; clock_divider:u_clk_div|counter_100hz[6]                          ; clk_50MHz    ; clk_50MHz   ; 0.000        ; 0.080      ; 0.908      ;
; 0.643 ; clock_divider:u_clk_div|counter_1hz[3]                            ; clock_divider:u_clk_div|counter_1hz[3]                            ; clk_50MHz    ; clk_50MHz   ; 0.000        ; 0.080      ; 0.909      ;
; 0.643 ; clock_divider:u_clk_div|counter_100hz[4]                          ; clock_divider:u_clk_div|counter_100hz[4]                          ; clk_50MHz    ; clk_50MHz   ; 0.000        ; 0.080      ; 0.909      ;
; 0.644 ; clock_divider:u_clk_div|counter_1hz[1]                            ; clock_divider:u_clk_div|counter_1hz[1]                            ; clk_50MHz    ; clk_50MHz   ; 0.000        ; 0.080      ; 0.910      ;
; 0.644 ; clock_divider:u_clk_div|counter_100hz[3]                          ; clock_divider:u_clk_div|counter_100hz[3]                          ; clk_50MHz    ; clk_50MHz   ; 0.000        ; 0.080      ; 0.910      ;
; 0.644 ; clock_divider:u_clk_div|counter_100hz[1]                          ; clock_divider:u_clk_div|counter_100hz[1]                          ; clk_50MHz    ; clk_50MHz   ; 0.000        ; 0.080      ; 0.910      ;
; 0.646 ; btn_handler:u_btn_up|stable_cnt[2]                                ; btn_handler:u_btn_up|stable_cnt[3]                                ; clk_50MHz    ; clk_50MHz   ; 0.000        ; 0.080      ; 0.912      ;
; 0.647 ; clock_divider:u_clk_div|counter_blink[3]                          ; clock_divider:u_clk_div|counter_blink[3]                          ; clk_50MHz    ; clk_50MHz   ; 0.000        ; 0.080      ; 0.913      ;
; 0.647 ; clock_divider:u_clk_div|counter_100hz[2]                          ; clock_divider:u_clk_div|counter_100hz[2]                          ; clk_50MHz    ; clk_50MHz   ; 0.000        ; 0.080      ; 0.913      ;
; 0.654 ; btn_handler:u_btn_up|stable_cnt[1]                                ; btn_handler:u_btn_up|stable_cnt[2]                                ; clk_50MHz    ; clk_50MHz   ; 0.000        ; 0.080      ; 0.920      ;
; 0.657 ; clock_divider:u_clk_div|counter_100hz[12]                         ; clock_divider:u_clk_div|counter_100hz[12]                         ; clk_50MHz    ; clk_50MHz   ; 0.000        ; 0.080      ; 0.923      ;
; 0.657 ; clock_divider:u_clk_div|counter_100hz[11]                         ; clock_divider:u_clk_div|counter_100hz[11]                         ; clk_50MHz    ; clk_50MHz   ; 0.000        ; 0.080      ; 0.923      ;
; 0.657 ; clock_divider:u_clk_div|counter_100hz[9]                          ; clock_divider:u_clk_div|counter_100hz[9]                          ; clk_50MHz    ; clk_50MHz   ; 0.000        ; 0.080      ; 0.923      ;
; 0.658 ; clock_divider:u_clk_div|counter_100hz[14]                         ; clock_divider:u_clk_div|counter_100hz[14]                         ; clk_50MHz    ; clk_50MHz   ; 0.000        ; 0.080      ; 0.924      ;
; 0.660 ; clock_divider:u_clk_div|counter_100hz[10]                         ; clock_divider:u_clk_div|counter_100hz[10]                         ; clk_50MHz    ; clk_50MHz   ; 0.000        ; 0.080      ; 0.926      ;
; 0.662 ; btn_handler:u_btn_down|stable_cnt[0]                              ; btn_handler:u_btn_down|stable_cnt[2]                              ; clk_50MHz    ; clk_50MHz   ; 0.000        ; 0.080      ; 0.928      ;
; 0.663 ; btn_handler:u_btn_up|btn_sync2                                    ; btn_handler:u_btn_up|btn_debounced                                ; clk_50MHz    ; clk_50MHz   ; 0.000        ; 0.080      ; 0.929      ;
; 0.664 ; clock_divider:u_clk_div|counter_blink[2]                          ; clock_divider:u_clk_div|counter_blink[2]                          ; clk_50MHz    ; clk_50MHz   ; 0.000        ; 0.080      ; 0.930      ;
; 0.665 ; btn_handler:u_btn_down|stable_cnt[0]                              ; btn_handler:u_btn_down|stable_cnt[1]                              ; clk_50MHz    ; clk_50MHz   ; 0.000        ; 0.080      ; 0.931      ;
; 0.666 ; btn_handler:u_btn_down|btn_debounced_d                            ; btn_handler:u_btn_down|btn_edge                                   ; clk_50MHz    ; clk_50MHz   ; 0.000        ; 0.080      ; 0.932      ;
; 0.669 ; btn_handler:u_btn_down|btn_debounced                              ; btn_handler:u_btn_down|btn_debounced_d                            ; clk_50MHz    ; clk_50MHz   ; 0.000        ; 0.080      ; 0.935      ;
; 0.671 ; clock_divider:u_clk_div|counter_100hz[0]                          ; clock_divider:u_clk_div|counter_100hz[0]                          ; clk_50MHz    ; clk_50MHz   ; 0.000        ; 0.080      ; 0.937      ;
; 0.674 ; clock_divider:u_clk_div|counter_blink[2]                          ; clock_divider:u_clk_div|counter_blink[4]                          ; clk_50MHz    ; clk_50MHz   ; 0.000        ; 0.080      ; 0.940      ;
; 0.683 ; counter_controller:u_counter_ctrl|month_counter:my_month|month[2] ; counter_controller:u_counter_ctrl|month_counter:my_month|month[2] ; clk_50MHz    ; clk_50MHz   ; 0.000        ; 0.079      ; 0.948      ;
; 0.692 ; clock_divider:u_clk_div|counter_1hz[0]                            ; clock_divider:u_clk_div|counter_1hz[0]                            ; clk_50MHz    ; clk_50MHz   ; 0.000        ; 0.080      ; 0.958      ;
; 0.698 ; counter_controller:u_counter_ctrl|month_counter:my_month|month[3] ; counter_controller:u_counter_ctrl|month_counter:my_month|month[3] ; clk_50MHz    ; clk_50MHz   ; 0.000        ; 0.079      ; 0.963      ;
; 0.715 ; clock_divider:u_clk_div|counter_blink[2]                          ; clock_divider:u_clk_div|tick_blink                                ; clk_50MHz    ; clk_50MHz   ; 0.000        ; 0.080      ; 0.981      ;
; 0.756 ; btn_handler:u_btn_up|btn_sync1                                    ; btn_handler:u_btn_up|btn_sync2                                    ; clk_50MHz    ; clk_50MHz   ; 0.000        ; 0.079      ; 1.021      ;
; 0.810 ; clock_divider:u_clk_div|counter_100hz[2]                          ; clock_divider:u_clk_div|counter_100hz[5]                          ; clk_50MHz    ; clk_50MHz   ; 0.000        ; 0.080      ; 1.076      ;
; 0.811 ; clock_divider:u_clk_div|counter_100hz[2]                          ; clock_divider:u_clk_div|counter_100hz[8]                          ; clk_50MHz    ; clk_50MHz   ; 0.000        ; 0.080      ; 1.077      ;
; 0.812 ; btn_handler:u_btn_down|btn_sync2                                  ; btn_handler:u_btn_down|stable_cnt[1]                              ; clk_50MHz    ; clk_50MHz   ; 0.000        ; 0.080      ; 1.078      ;
; 0.815 ; btn_handler:u_btn_down|btn_sync2                                  ; btn_handler:u_btn_down|stable_cnt[2]                              ; clk_50MHz    ; clk_50MHz   ; 0.000        ; 0.080      ; 1.081      ;
; 0.817 ; btn_handler:u_btn_down|btn_sync2                                  ; btn_handler:u_btn_down|stable_cnt[0]                              ; clk_50MHz    ; clk_50MHz   ; 0.000        ; 0.080      ; 1.083      ;
; 0.820 ; clock_divider:u_clk_div|counter_100hz[2]                          ; clock_divider:u_clk_div|tick_100hz                                ; clk_50MHz    ; clk_50MHz   ; 0.000        ; 0.080      ; 1.086      ;
; 0.824 ; counter_controller:u_counter_ctrl|month_counter:my_month|month[1] ; counter_controller:u_counter_ctrl|month_counter:my_month|month[1] ; clk_50MHz    ; clk_50MHz   ; 0.000        ; 0.079      ; 1.089      ;
; 0.825 ; btn_handler:u_btn_down|stable_cnt[1]                              ; btn_handler:u_btn_down|stable_cnt[2]                              ; clk_50MHz    ; clk_50MHz   ; 0.000        ; 0.080      ; 1.091      ;
; 0.885 ; btn_handler:u_btn_down|btn_sync2                                  ; btn_handler:u_btn_down|btn_debounced                              ; clk_50MHz    ; clk_50MHz   ; 0.000        ; 0.079      ; 1.150      ;
; 0.908 ; clock_divider:u_clk_div|counter_1hz[6]                            ; clock_divider:u_clk_div|counter_1hz[6]                            ; clk_50MHz    ; clk_50MHz   ; 0.000        ; 0.080      ; 1.174      ;
; 0.932 ; clock_divider:u_clk_div|counter_100hz[0]                          ; clock_divider:u_clk_div|counter_100hz[5]                          ; clk_50MHz    ; clk_50MHz   ; 0.000        ; 0.080      ; 1.198      ;
; 0.933 ; clock_divider:u_clk_div|counter_100hz[0]                          ; clock_divider:u_clk_div|counter_100hz[8]                          ; clk_50MHz    ; clk_50MHz   ; 0.000        ; 0.080      ; 1.199      ;
; 0.934 ; btn_handler:u_btn_up|btn_debounced                                ; btn_handler:u_btn_up|stable_cnt[0]                                ; clk_50MHz    ; clk_50MHz   ; 0.000        ; 0.080      ; 1.200      ;
; 0.935 ; btn_handler:u_btn_up|btn_debounced                                ; btn_handler:u_btn_up|stable_cnt[3]                                ; clk_50MHz    ; clk_50MHz   ; 0.000        ; 0.080      ; 1.201      ;
; 0.942 ; clock_divider:u_clk_div|counter_100hz[0]                          ; clock_divider:u_clk_div|tick_100hz                                ; clk_50MHz    ; clk_50MHz   ; 0.000        ; 0.080      ; 1.208      ;
; 0.954 ; clock_divider:u_clk_div|counter_1hz[0]                            ; clock_divider:u_clk_div|counter_1hz[5]                            ; clk_50MHz    ; clk_50MHz   ; 0.000        ; 0.080      ; 1.220      ;
; 0.960 ; clock_divider:u_clk_div|counter_1hz[3]                            ; clock_divider:u_clk_div|counter_1hz[4]                            ; clk_50MHz    ; clk_50MHz   ; 0.000        ; 0.080      ; 1.226      ;
; 0.961 ; clock_divider:u_clk_div|counter_100hz[3]                          ; clock_divider:u_clk_div|counter_100hz[4]                          ; clk_50MHz    ; clk_50MHz   ; 0.000        ; 0.080      ; 1.227      ;
; 0.961 ; clock_divider:u_clk_div|counter_100hz[1]                          ; clock_divider:u_clk_div|counter_100hz[2]                          ; clk_50MHz    ; clk_50MHz   ; 0.000        ; 0.080      ; 1.227      ;
; 0.963 ; clock_divider:u_clk_div|counter_100hz[5]                          ; clock_divider:u_clk_div|counter_100hz[6]                          ; clk_50MHz    ; clk_50MHz   ; 0.000        ; 0.080      ; 1.229      ;
; 0.969 ; clock_divider:u_clk_div|counter_100hz[6]                          ; clock_divider:u_clk_div|counter_100hz[7]                          ; clk_50MHz    ; clk_50MHz   ; 0.000        ; 0.080      ; 1.235      ;
; 0.972 ; clock_divider:u_clk_div|counter_1hz[2]                            ; clock_divider:u_clk_div|counter_1hz[3]                            ; clk_50MHz    ; clk_50MHz   ; 0.000        ; 0.080      ; 1.238      ;
; 0.974 ; clock_divider:u_clk_div|counter_100hz[11]                         ; clock_divider:u_clk_div|counter_100hz[12]                         ; clk_50MHz    ; clk_50MHz   ; 0.000        ; 0.080      ; 1.240      ;
; 0.974 ; clock_divider:u_clk_div|counter_100hz[9]                          ; clock_divider:u_clk_div|counter_100hz[10]                         ; clk_50MHz    ; clk_50MHz   ; 0.000        ; 0.080      ; 1.240      ;
; 0.974 ; clock_divider:u_clk_div|counter_100hz[2]                          ; clock_divider:u_clk_div|counter_100hz[3]                          ; clk_50MHz    ; clk_50MHz   ; 0.000        ; 0.080      ; 1.240      ;
; 0.975 ; clock_divider:u_clk_div|counter_100hz[0]                          ; clock_divider:u_clk_div|counter_100hz[1]                          ; clk_50MHz    ; clk_50MHz   ; 0.000        ; 0.080      ; 1.241      ;
; 0.975 ; clock_divider:u_clk_div|counter_100hz[4]                          ; clock_divider:u_clk_div|counter_100hz[6]                          ; clk_50MHz    ; clk_50MHz   ; 0.000        ; 0.080      ; 1.241      ;
; 0.976 ; clock_divider:u_clk_div|counter_100hz[13]                         ; clock_divider:u_clk_div|counter_100hz[14]                         ; clk_50MHz    ; clk_50MHz   ; 0.000        ; 0.080      ; 1.242      ;
; 0.977 ; clock_divider:u_clk_div|counter_1hz[2]                            ; clock_divider:u_clk_div|counter_1hz[4]                            ; clk_50MHz    ; clk_50MHz   ; 0.000        ; 0.080      ; 1.243      ;
; 0.978 ; clock_divider:u_clk_div|counter_100hz[8]                          ; clock_divider:u_clk_div|counter_100hz[9]                          ; clk_50MHz    ; clk_50MHz   ; 0.000        ; 0.075      ; 1.239      ;
; 0.979 ; clock_divider:u_clk_div|counter_100hz[2]                          ; clock_divider:u_clk_div|counter_100hz[4]                          ; clk_50MHz    ; clk_50MHz   ; 0.000        ; 0.080      ; 1.245      ;
; 0.980 ; clock_divider:u_clk_div|counter_100hz[0]                          ; clock_divider:u_clk_div|counter_100hz[2]                          ; clk_50MHz    ; clk_50MHz   ; 0.000        ; 0.080      ; 1.246      ;
; 0.981 ; clock_divider:u_clk_div|counter_blink[2]                          ; clock_divider:u_clk_div|counter_blink[3]                          ; clk_50MHz    ; clk_50MHz   ; 0.000        ; 0.080      ; 1.247      ;
; 0.983 ; clock_divider:u_clk_div|counter_100hz[8]                          ; clock_divider:u_clk_div|counter_100hz[10]                         ; clk_50MHz    ; clk_50MHz   ; 0.000        ; 0.075      ; 1.244      ;
; 0.987 ; clock_divider:u_clk_div|counter_100hz[10]                         ; clock_divider:u_clk_div|counter_100hz[11]                         ; clk_50MHz    ; clk_50MHz   ; 0.000        ; 0.080      ; 1.253      ;
; 0.989 ; clock_divider:u_clk_div|counter_100hz[12]                         ; clock_divider:u_clk_div|counter_100hz[14]                         ; clk_50MHz    ; clk_50MHz   ; 0.000        ; 0.080      ; 1.255      ;
; 0.991 ; clock_divider:u_clk_div|counter_blink[4]                          ; clock_divider:u_clk_div|counter_blink[4]                          ; clk_50MHz    ; clk_50MHz   ; 0.000        ; 0.080      ; 1.257      ;
; 0.991 ; clock_divider:u_clk_div|counter_blink[1]                          ; clock_divider:u_clk_div|counter_blink[2]                          ; clk_50MHz    ; clk_50MHz   ; 0.000        ; 0.080      ; 1.257      ;
; 0.992 ; clock_divider:u_clk_div|counter_100hz[10]                         ; clock_divider:u_clk_div|counter_100hz[12]                         ; clk_50MHz    ; clk_50MHz   ; 0.000        ; 0.080      ; 1.258      ;
; 0.994 ; clock_divider:u_clk_div|counter_blink[5]                          ; clock_divider:u_clk_div|counter_blink[5]                          ; clk_50MHz    ; clk_50MHz   ; 0.000        ; 0.080      ; 1.260      ;
; 0.995 ; counter_controller:u_counter_ctrl|month_counter:my_month|month[0] ; counter_controller:u_counter_ctrl|month_counter:my_month|month[1] ; clk_50MHz    ; clk_50MHz   ; 0.000        ; 0.079      ; 1.260      ;
; 0.996 ; clock_divider:u_clk_div|counter_1hz[0]                            ; clock_divider:u_clk_div|counter_1hz[1]                            ; clk_50MHz    ; clk_50MHz   ; 0.000        ; 0.080      ; 1.262      ;
; 0.996 ; clock_divider:u_clk_div|counter_blink[1]                          ; clock_divider:u_clk_div|counter_blink[3]                          ; clk_50MHz    ; clk_50MHz   ; 0.000        ; 0.080      ; 1.262      ;
; 1.004 ; btn_handler:u_btn_down|stable_cnt[0]                              ; btn_handler:u_btn_down|stable_cnt[3]                              ; clk_50MHz    ; clk_50MHz   ; 0.000        ; 0.080      ; 1.270      ;
; 1.007 ; counter_controller:u_counter_ctrl|day_counter:my_day|day[2]       ; counter_controller:u_counter_ctrl|day_counter:my_day|day[2]       ; clk_50MHz    ; clk_50MHz   ; 0.000        ; 0.096      ; 1.289      ;
; 1.007 ; counter_controller:u_counter_ctrl|day_counter:my_day|day[4]       ; counter_controller:u_counter_ctrl|day_counter:my_day|day[4]       ; clk_50MHz    ; clk_50MHz   ; 0.000        ; 0.096      ; 1.289      ;
+-------+-------------------------------------------------------------------+-------------------------------------------------------------------+--------------+-------------+--------------+------------+------------+


-----------------------------------------------
; Slow 1200mV 85C Model Metastability Summary ;
-----------------------------------------------
No synchronizer chains to report.


+-------------------------------------------------+
; Slow 1200mV 0C Model Fmax Summary               ;
+-----------+-----------------+------------+------+
; Fmax      ; Restricted Fmax ; Clock Name ; Note ;
+-----------+-----------------+------------+------+
; 86.91 MHz ; 86.91 MHz       ; clk_50MHz  ;      ;
+-----------+-----------------+------------+------+
This panel reports FMAX for every clock in the design, regardless of the user-specified clock periods.  FMAX is only computed for paths where the source and destination registers or ports are driven by the same clock.  Paths of different clocks, including generated clocks, are ignored.  For paths between a clock and its inversion, FMAX is computed as if the rising and falling edges are scaled along with FMAX, such that the duty cycle (in terms of a percentage) is maintained. Altera recommends that you always use clock constraints and other slack reports for sign-off analysis.


+-------------------------------------+
; Slow 1200mV 0C Model Setup Summary  ;
+-----------+---------+---------------+
; Clock     ; Slack   ; End Point TNS ;
+-----------+---------+---------------+
; clk_50MHz ; -10.506 ; -358.136      ;
+-----------+---------+---------------+


+-----------------------------------+
; Slow 1200mV 0C Model Hold Summary ;
+-----------+-------+---------------+
; Clock     ; Slack ; End Point TNS ;
+-----------+-------+---------------+
; clk_50MHz ; 0.354 ; 0.000         ;
+-----------+-------+---------------+


-----------------------------------------
; Slow 1200mV 0C Model Recovery Summary ;
-----------------------------------------
No paths to report.


----------------------------------------
; Slow 1200mV 0C Model Removal Summary ;
----------------------------------------
No paths to report.


+--------------------------------------------------+
; Slow 1200mV 0C Model Minimum Pulse Width Summary ;
+-----------+--------+-----------------------------+
; Clock     ; Slack  ; End Point TNS               ;
+-----------+--------+-----------------------------+
; clk_50MHz ; -3.000 ; -123.790                    ;
+-----------+--------+-----------------------------+


+---------------------------------------------------------------------------------------------------------------------------------------------------------------------------------------------------------------------+
; Slow 1200mV 0C Model Setup: 'clk_50MHz'                                                                                                                                                                             ;
+---------+-----------------------------------------------------------------+-------------------------------------------------------------------+--------------+-------------+--------------+------------+------------+
; Slack   ; From Node                                                       ; To Node                                                           ; Launch Clock ; Latch Clock ; Relationship ; Clock Skew ; Data Delay ;
+---------+-----------------------------------------------------------------+-------------------------------------------------------------------+--------------+-------------+--------------+------------+------------+
; -10.506 ; counter_controller:u_counter_ctrl|year_counter:my_year|year[10] ; counter_controller:u_counter_ctrl|year_counter:my_year|year[12]   ; clk_50MHz    ; clk_50MHz   ; 1.000        ; -0.072     ; 11.433     ;
; -10.506 ; counter_controller:u_counter_ctrl|year_counter:my_year|year[10] ; counter_controller:u_counter_ctrl|year_counter:my_year|year[13]   ; clk_50MHz    ; clk_50MHz   ; 1.000        ; -0.072     ; 11.433     ;
; -10.506 ; counter_controller:u_counter_ctrl|year_counter:my_year|year[10] ; counter_controller:u_counter_ctrl|year_counter:my_year|year[11]   ; clk_50MHz    ; clk_50MHz   ; 1.000        ; -0.072     ; 11.433     ;
; -10.495 ; counter_controller:u_counter_ctrl|year_counter:my_year|year[13] ; counter_controller:u_counter_ctrl|year_counter:my_year|year[12]   ; clk_50MHz    ; clk_50MHz   ; 1.000        ; -0.071     ; 11.423     ;
; -10.495 ; counter_controller:u_counter_ctrl|year_counter:my_year|year[13] ; counter_controller:u_counter_ctrl|year_counter:my_year|year[13]   ; clk_50MHz    ; clk_50MHz   ; 1.000        ; -0.071     ; 11.423     ;
; -10.495 ; counter_controller:u_counter_ctrl|year_counter:my_year|year[13] ; counter_controller:u_counter_ctrl|year_counter:my_year|year[11]   ; clk_50MHz    ; clk_50MHz   ; 1.000        ; -0.071     ; 11.423     ;
; -10.486 ; counter_controller:u_counter_ctrl|year_counter:my_year|year[12] ; counter_controller:u_counter_ctrl|year_counter:my_year|year[12]   ; clk_50MHz    ; clk_50MHz   ; 1.000        ; -0.071     ; 11.414     ;
; -10.486 ; counter_controller:u_counter_ctrl|year_counter:my_year|year[12] ; counter_controller:u_counter_ctrl|year_counter:my_year|year[13]   ; clk_50MHz    ; clk_50MHz   ; 1.000        ; -0.071     ; 11.414     ;
; -10.486 ; counter_controller:u_counter_ctrl|year_counter:my_year|year[12] ; counter_controller:u_counter_ctrl|year_counter:my_year|year[11]   ; clk_50MHz    ; clk_50MHz   ; 1.000        ; -0.071     ; 11.414     ;
; -10.483 ; counter_controller:u_counter_ctrl|year_counter:my_year|year[11] ; counter_controller:u_counter_ctrl|year_counter:my_year|year[12]   ; clk_50MHz    ; clk_50MHz   ; 1.000        ; -0.071     ; 11.411     ;
; -10.483 ; counter_controller:u_counter_ctrl|year_counter:my_year|year[11] ; counter_controller:u_counter_ctrl|year_counter:my_year|year[13]   ; clk_50MHz    ; clk_50MHz   ; 1.000        ; -0.071     ; 11.411     ;
; -10.483 ; counter_controller:u_counter_ctrl|year_counter:my_year|year[11] ; counter_controller:u_counter_ctrl|year_counter:my_year|year[11]   ; clk_50MHz    ; clk_50MHz   ; 1.000        ; -0.071     ; 11.411     ;
; -10.480 ; counter_controller:u_counter_ctrl|year_counter:my_year|year[10] ; counter_controller:u_counter_ctrl|year_counter:my_year|year[10]   ; clk_50MHz    ; clk_50MHz   ; 1.000        ; -0.072     ; 11.407     ;
; -10.469 ; counter_controller:u_counter_ctrl|year_counter:my_year|year[13] ; counter_controller:u_counter_ctrl|year_counter:my_year|year[10]   ; clk_50MHz    ; clk_50MHz   ; 1.000        ; -0.071     ; 11.397     ;
; -10.460 ; counter_controller:u_counter_ctrl|year_counter:my_year|year[12] ; counter_controller:u_counter_ctrl|year_counter:my_year|year[10]   ; clk_50MHz    ; clk_50MHz   ; 1.000        ; -0.071     ; 11.388     ;
; -10.457 ; counter_controller:u_counter_ctrl|year_counter:my_year|year[11] ; counter_controller:u_counter_ctrl|year_counter:my_year|year[10]   ; clk_50MHz    ; clk_50MHz   ; 1.000        ; -0.071     ; 11.385     ;
; -10.446 ; counter_controller:u_counter_ctrl|year_counter:my_year|year[10] ; counter_controller:u_counter_ctrl|month_counter:my_month|month[2] ; clk_50MHz    ; clk_50MHz   ; 1.000        ; -0.087     ; 11.358     ;
; -10.441 ; counter_controller:u_counter_ctrl|year_counter:my_year|year[10] ; counter_controller:u_counter_ctrl|month_counter:my_month|month[3] ; clk_50MHz    ; clk_50MHz   ; 1.000        ; -0.087     ; 11.353     ;
; -10.441 ; counter_controller:u_counter_ctrl|year_counter:my_year|year[10] ; counter_controller:u_counter_ctrl|month_counter:my_month|month[1] ; clk_50MHz    ; clk_50MHz   ; 1.000        ; -0.087     ; 11.353     ;
; -10.435 ; counter_controller:u_counter_ctrl|year_counter:my_year|year[13] ; counter_controller:u_counter_ctrl|month_counter:my_month|month[2] ; clk_50MHz    ; clk_50MHz   ; 1.000        ; -0.086     ; 11.348     ;
; -10.430 ; counter_controller:u_counter_ctrl|year_counter:my_year|year[13] ; counter_controller:u_counter_ctrl|month_counter:my_month|month[3] ; clk_50MHz    ; clk_50MHz   ; 1.000        ; -0.086     ; 11.343     ;
; -10.430 ; counter_controller:u_counter_ctrl|year_counter:my_year|year[13] ; counter_controller:u_counter_ctrl|month_counter:my_month|month[1] ; clk_50MHz    ; clk_50MHz   ; 1.000        ; -0.086     ; 11.343     ;
; -10.426 ; counter_controller:u_counter_ctrl|year_counter:my_year|year[12] ; counter_controller:u_counter_ctrl|month_counter:my_month|month[2] ; clk_50MHz    ; clk_50MHz   ; 1.000        ; -0.086     ; 11.339     ;
; -10.423 ; counter_controller:u_counter_ctrl|year_counter:my_year|year[11] ; counter_controller:u_counter_ctrl|month_counter:my_month|month[2] ; clk_50MHz    ; clk_50MHz   ; 1.000        ; -0.086     ; 11.336     ;
; -10.421 ; counter_controller:u_counter_ctrl|year_counter:my_year|year[12] ; counter_controller:u_counter_ctrl|month_counter:my_month|month[3] ; clk_50MHz    ; clk_50MHz   ; 1.000        ; -0.086     ; 11.334     ;
; -10.421 ; counter_controller:u_counter_ctrl|year_counter:my_year|year[12] ; counter_controller:u_counter_ctrl|month_counter:my_month|month[1] ; clk_50MHz    ; clk_50MHz   ; 1.000        ; -0.086     ; 11.334     ;
; -10.418 ; counter_controller:u_counter_ctrl|year_counter:my_year|year[11] ; counter_controller:u_counter_ctrl|month_counter:my_month|month[3] ; clk_50MHz    ; clk_50MHz   ; 1.000        ; -0.086     ; 11.331     ;
; -10.418 ; counter_controller:u_counter_ctrl|year_counter:my_year|year[11] ; counter_controller:u_counter_ctrl|month_counter:my_month|month[1] ; clk_50MHz    ; clk_50MHz   ; 1.000        ; -0.086     ; 11.331     ;
; -10.210 ; counter_controller:u_counter_ctrl|year_counter:my_year|year[9]  ; counter_controller:u_counter_ctrl|year_counter:my_year|year[12]   ; clk_50MHz    ; clk_50MHz   ; 1.000        ; -0.470     ; 10.739     ;
; -10.210 ; counter_controller:u_counter_ctrl|year_counter:my_year|year[9]  ; counter_controller:u_counter_ctrl|year_counter:my_year|year[13]   ; clk_50MHz    ; clk_50MHz   ; 1.000        ; -0.470     ; 10.739     ;
; -10.210 ; counter_controller:u_counter_ctrl|year_counter:my_year|year[9]  ; counter_controller:u_counter_ctrl|year_counter:my_year|year[11]   ; clk_50MHz    ; clk_50MHz   ; 1.000        ; -0.470     ; 10.739     ;
; -10.184 ; counter_controller:u_counter_ctrl|year_counter:my_year|year[9]  ; counter_controller:u_counter_ctrl|year_counter:my_year|year[10]   ; clk_50MHz    ; clk_50MHz   ; 1.000        ; -0.470     ; 10.713     ;
; -10.172 ; counter_controller:u_counter_ctrl|year_counter:my_year|year[8]  ; counter_controller:u_counter_ctrl|year_counter:my_year|year[12]   ; clk_50MHz    ; clk_50MHz   ; 1.000        ; -0.462     ; 10.709     ;
; -10.172 ; counter_controller:u_counter_ctrl|year_counter:my_year|year[8]  ; counter_controller:u_counter_ctrl|year_counter:my_year|year[13]   ; clk_50MHz    ; clk_50MHz   ; 1.000        ; -0.462     ; 10.709     ;
; -10.172 ; counter_controller:u_counter_ctrl|year_counter:my_year|year[8]  ; counter_controller:u_counter_ctrl|year_counter:my_year|year[11]   ; clk_50MHz    ; clk_50MHz   ; 1.000        ; -0.462     ; 10.709     ;
; -10.163 ; counter_controller:u_counter_ctrl|year_counter:my_year|year[10] ; counter_controller:u_counter_ctrl|day_counter:my_day|day[4]       ; clk_50MHz    ; clk_50MHz   ; 1.000        ; 0.298      ; 11.460     ;
; -10.162 ; counter_controller:u_counter_ctrl|year_counter:my_year|year[10] ; counter_controller:u_counter_ctrl|day_counter:my_day|day[2]       ; clk_50MHz    ; clk_50MHz   ; 1.000        ; 0.298      ; 11.459     ;
; -10.162 ; counter_controller:u_counter_ctrl|year_counter:my_year|year[10] ; counter_controller:u_counter_ctrl|day_counter:my_day|day[3]       ; clk_50MHz    ; clk_50MHz   ; 1.000        ; 0.298      ; 11.459     ;
; -10.152 ; counter_controller:u_counter_ctrl|year_counter:my_year|year[13] ; counter_controller:u_counter_ctrl|day_counter:my_day|day[4]       ; clk_50MHz    ; clk_50MHz   ; 1.000        ; 0.299      ; 11.450     ;
; -10.151 ; counter_controller:u_counter_ctrl|year_counter:my_year|year[13] ; counter_controller:u_counter_ctrl|day_counter:my_day|day[2]       ; clk_50MHz    ; clk_50MHz   ; 1.000        ; 0.299      ; 11.449     ;
; -10.151 ; counter_controller:u_counter_ctrl|year_counter:my_year|year[13] ; counter_controller:u_counter_ctrl|day_counter:my_day|day[3]       ; clk_50MHz    ; clk_50MHz   ; 1.000        ; 0.299      ; 11.449     ;
; -10.150 ; counter_controller:u_counter_ctrl|year_counter:my_year|year[9]  ; counter_controller:u_counter_ctrl|month_counter:my_month|month[2] ; clk_50MHz    ; clk_50MHz   ; 1.000        ; -0.485     ; 10.664     ;
; -10.146 ; counter_controller:u_counter_ctrl|year_counter:my_year|year[8]  ; counter_controller:u_counter_ctrl|year_counter:my_year|year[10]   ; clk_50MHz    ; clk_50MHz   ; 1.000        ; -0.462     ; 10.683     ;
; -10.145 ; counter_controller:u_counter_ctrl|year_counter:my_year|year[9]  ; counter_controller:u_counter_ctrl|month_counter:my_month|month[3] ; clk_50MHz    ; clk_50MHz   ; 1.000        ; -0.485     ; 10.659     ;
; -10.145 ; counter_controller:u_counter_ctrl|year_counter:my_year|year[9]  ; counter_controller:u_counter_ctrl|month_counter:my_month|month[1] ; clk_50MHz    ; clk_50MHz   ; 1.000        ; -0.485     ; 10.659     ;
; -10.143 ; counter_controller:u_counter_ctrl|year_counter:my_year|year[12] ; counter_controller:u_counter_ctrl|day_counter:my_day|day[4]       ; clk_50MHz    ; clk_50MHz   ; 1.000        ; 0.299      ; 11.441     ;
; -10.142 ; counter_controller:u_counter_ctrl|year_counter:my_year|year[12] ; counter_controller:u_counter_ctrl|day_counter:my_day|day[2]       ; clk_50MHz    ; clk_50MHz   ; 1.000        ; 0.299      ; 11.440     ;
; -10.142 ; counter_controller:u_counter_ctrl|year_counter:my_year|year[12] ; counter_controller:u_counter_ctrl|day_counter:my_day|day[3]       ; clk_50MHz    ; clk_50MHz   ; 1.000        ; 0.299      ; 11.440     ;
; -10.140 ; counter_controller:u_counter_ctrl|year_counter:my_year|year[11] ; counter_controller:u_counter_ctrl|day_counter:my_day|day[4]       ; clk_50MHz    ; clk_50MHz   ; 1.000        ; 0.299      ; 11.438     ;
; -10.139 ; counter_controller:u_counter_ctrl|year_counter:my_year|year[11] ; counter_controller:u_counter_ctrl|day_counter:my_day|day[2]       ; clk_50MHz    ; clk_50MHz   ; 1.000        ; 0.299      ; 11.437     ;
; -10.139 ; counter_controller:u_counter_ctrl|year_counter:my_year|year[11] ; counter_controller:u_counter_ctrl|day_counter:my_day|day[3]       ; clk_50MHz    ; clk_50MHz   ; 1.000        ; 0.299      ; 11.437     ;
; -10.112 ; counter_controller:u_counter_ctrl|year_counter:my_year|year[8]  ; counter_controller:u_counter_ctrl|month_counter:my_month|month[2] ; clk_50MHz    ; clk_50MHz   ; 1.000        ; -0.477     ; 10.634     ;
; -10.107 ; counter_controller:u_counter_ctrl|year_counter:my_year|year[8]  ; counter_controller:u_counter_ctrl|month_counter:my_month|month[3] ; clk_50MHz    ; clk_50MHz   ; 1.000        ; -0.477     ; 10.629     ;
; -10.107 ; counter_controller:u_counter_ctrl|year_counter:my_year|year[8]  ; counter_controller:u_counter_ctrl|month_counter:my_month|month[1] ; clk_50MHz    ; clk_50MHz   ; 1.000        ; -0.477     ; 10.629     ;
; -10.089 ; counter_controller:u_counter_ctrl|year_counter:my_year|year[10] ; counter_controller:u_counter_ctrl|year_counter:my_year|year[9]    ; clk_50MHz    ; clk_50MHz   ; 1.000        ; 0.311      ; 11.399     ;
; -10.078 ; counter_controller:u_counter_ctrl|year_counter:my_year|year[13] ; counter_controller:u_counter_ctrl|year_counter:my_year|year[9]    ; clk_50MHz    ; clk_50MHz   ; 1.000        ; 0.312      ; 11.389     ;
; -10.069 ; counter_controller:u_counter_ctrl|year_counter:my_year|year[12] ; counter_controller:u_counter_ctrl|year_counter:my_year|year[9]    ; clk_50MHz    ; clk_50MHz   ; 1.000        ; 0.312      ; 11.380     ;
; -10.066 ; counter_controller:u_counter_ctrl|year_counter:my_year|year[11] ; counter_controller:u_counter_ctrl|year_counter:my_year|year[9]    ; clk_50MHz    ; clk_50MHz   ; 1.000        ; 0.312      ; 11.377     ;
; -9.867  ; counter_controller:u_counter_ctrl|year_counter:my_year|year[9]  ; counter_controller:u_counter_ctrl|day_counter:my_day|day[4]       ; clk_50MHz    ; clk_50MHz   ; 1.000        ; -0.100     ; 10.766     ;
; -9.866  ; counter_controller:u_counter_ctrl|year_counter:my_year|year[9]  ; counter_controller:u_counter_ctrl|day_counter:my_day|day[2]       ; clk_50MHz    ; clk_50MHz   ; 1.000        ; -0.100     ; 10.765     ;
; -9.866  ; counter_controller:u_counter_ctrl|year_counter:my_year|year[9]  ; counter_controller:u_counter_ctrl|day_counter:my_day|day[3]       ; clk_50MHz    ; clk_50MHz   ; 1.000        ; -0.100     ; 10.765     ;
; -9.830  ; counter_controller:u_counter_ctrl|year_counter:my_year|year[10] ; counter_controller:u_counter_ctrl|day_counter:my_day|day[0]       ; clk_50MHz    ; clk_50MHz   ; 1.000        ; 0.263      ; 11.092     ;
; -9.829  ; counter_controller:u_counter_ctrl|year_counter:my_year|year[8]  ; counter_controller:u_counter_ctrl|day_counter:my_day|day[4]       ; clk_50MHz    ; clk_50MHz   ; 1.000        ; -0.092     ; 10.736     ;
; -9.828  ; counter_controller:u_counter_ctrl|year_counter:my_year|year[10] ; counter_controller:u_counter_ctrl|day_counter:my_day|day[1]       ; clk_50MHz    ; clk_50MHz   ; 1.000        ; 0.263      ; 11.090     ;
; -9.828  ; counter_controller:u_counter_ctrl|year_counter:my_year|year[8]  ; counter_controller:u_counter_ctrl|day_counter:my_day|day[2]       ; clk_50MHz    ; clk_50MHz   ; 1.000        ; -0.092     ; 10.735     ;
; -9.828  ; counter_controller:u_counter_ctrl|year_counter:my_year|year[8]  ; counter_controller:u_counter_ctrl|day_counter:my_day|day[3]       ; clk_50MHz    ; clk_50MHz   ; 1.000        ; -0.092     ; 10.735     ;
; -9.819  ; counter_controller:u_counter_ctrl|year_counter:my_year|year[13] ; counter_controller:u_counter_ctrl|day_counter:my_day|day[0]       ; clk_50MHz    ; clk_50MHz   ; 1.000        ; 0.264      ; 11.082     ;
; -9.817  ; counter_controller:u_counter_ctrl|year_counter:my_year|year[13] ; counter_controller:u_counter_ctrl|day_counter:my_day|day[1]       ; clk_50MHz    ; clk_50MHz   ; 1.000        ; 0.264      ; 11.080     ;
; -9.810  ; counter_controller:u_counter_ctrl|year_counter:my_year|year[12] ; counter_controller:u_counter_ctrl|day_counter:my_day|day[0]       ; clk_50MHz    ; clk_50MHz   ; 1.000        ; 0.264      ; 11.073     ;
; -9.808  ; counter_controller:u_counter_ctrl|year_counter:my_year|year[12] ; counter_controller:u_counter_ctrl|day_counter:my_day|day[1]       ; clk_50MHz    ; clk_50MHz   ; 1.000        ; 0.264      ; 11.071     ;
; -9.807  ; counter_controller:u_counter_ctrl|year_counter:my_year|year[11] ; counter_controller:u_counter_ctrl|day_counter:my_day|day[0]       ; clk_50MHz    ; clk_50MHz   ; 1.000        ; 0.264      ; 11.070     ;
; -9.805  ; counter_controller:u_counter_ctrl|year_counter:my_year|year[11] ; counter_controller:u_counter_ctrl|day_counter:my_day|day[1]       ; clk_50MHz    ; clk_50MHz   ; 1.000        ; 0.264      ; 11.068     ;
; -9.793  ; counter_controller:u_counter_ctrl|year_counter:my_year|year[9]  ; counter_controller:u_counter_ctrl|year_counter:my_year|year[9]    ; clk_50MHz    ; clk_50MHz   ; 1.000        ; -0.087     ; 10.705     ;
; -9.755  ; counter_controller:u_counter_ctrl|year_counter:my_year|year[8]  ; counter_controller:u_counter_ctrl|year_counter:my_year|year[9]    ; clk_50MHz    ; clk_50MHz   ; 1.000        ; -0.079     ; 10.675     ;
; -9.716  ; counter_controller:u_counter_ctrl|year_counter:my_year|year[10] ; counter_controller:u_counter_ctrl|year_counter:my_year|year[1]    ; clk_50MHz    ; clk_50MHz   ; 1.000        ; 0.303      ; 11.018     ;
; -9.716  ; counter_controller:u_counter_ctrl|year_counter:my_year|year[10] ; counter_controller:u_counter_ctrl|year_counter:my_year|ones[0]    ; clk_50MHz    ; clk_50MHz   ; 1.000        ; 0.303      ; 11.018     ;
; -9.716  ; counter_controller:u_counter_ctrl|year_counter:my_year|year[10] ; counter_controller:u_counter_ctrl|year_counter:my_year|year[3]    ; clk_50MHz    ; clk_50MHz   ; 1.000        ; 0.303      ; 11.018     ;
; -9.716  ; counter_controller:u_counter_ctrl|year_counter:my_year|year[10] ; counter_controller:u_counter_ctrl|year_counter:my_year|year[2]    ; clk_50MHz    ; clk_50MHz   ; 1.000        ; 0.303      ; 11.018     ;
; -9.716  ; counter_controller:u_counter_ctrl|year_counter:my_year|year[10] ; counter_controller:u_counter_ctrl|year_counter:my_year|year[4]    ; clk_50MHz    ; clk_50MHz   ; 1.000        ; 0.303      ; 11.018     ;
; -9.716  ; counter_controller:u_counter_ctrl|year_counter:my_year|year[10] ; counter_controller:u_counter_ctrl|year_counter:my_year|year[5]    ; clk_50MHz    ; clk_50MHz   ; 1.000        ; 0.303      ; 11.018     ;
; -9.716  ; counter_controller:u_counter_ctrl|year_counter:my_year|year[10] ; counter_controller:u_counter_ctrl|year_counter:my_year|year[6]    ; clk_50MHz    ; clk_50MHz   ; 1.000        ; 0.303      ; 11.018     ;
; -9.716  ; counter_controller:u_counter_ctrl|year_counter:my_year|year[10] ; counter_controller:u_counter_ctrl|year_counter:my_year|year[7]    ; clk_50MHz    ; clk_50MHz   ; 1.000        ; 0.303      ; 11.018     ;
; -9.716  ; counter_controller:u_counter_ctrl|year_counter:my_year|year[10] ; counter_controller:u_counter_ctrl|year_counter:my_year|year[8]    ; clk_50MHz    ; clk_50MHz   ; 1.000        ; 0.303      ; 11.018     ;
; -9.705  ; counter_controller:u_counter_ctrl|year_counter:my_year|year[13] ; counter_controller:u_counter_ctrl|year_counter:my_year|year[1]    ; clk_50MHz    ; clk_50MHz   ; 1.000        ; 0.304      ; 11.008     ;
; -9.705  ; counter_controller:u_counter_ctrl|year_counter:my_year|year[13] ; counter_controller:u_counter_ctrl|year_counter:my_year|ones[0]    ; clk_50MHz    ; clk_50MHz   ; 1.000        ; 0.304      ; 11.008     ;
; -9.705  ; counter_controller:u_counter_ctrl|year_counter:my_year|year[13] ; counter_controller:u_counter_ctrl|year_counter:my_year|year[3]    ; clk_50MHz    ; clk_50MHz   ; 1.000        ; 0.304      ; 11.008     ;
; -9.705  ; counter_controller:u_counter_ctrl|year_counter:my_year|year[13] ; counter_controller:u_counter_ctrl|year_counter:my_year|year[2]    ; clk_50MHz    ; clk_50MHz   ; 1.000        ; 0.304      ; 11.008     ;
; -9.705  ; counter_controller:u_counter_ctrl|year_counter:my_year|year[13] ; counter_controller:u_counter_ctrl|year_counter:my_year|year[4]    ; clk_50MHz    ; clk_50MHz   ; 1.000        ; 0.304      ; 11.008     ;
; -9.705  ; counter_controller:u_counter_ctrl|year_counter:my_year|year[13] ; counter_controller:u_counter_ctrl|year_counter:my_year|year[5]    ; clk_50MHz    ; clk_50MHz   ; 1.000        ; 0.304      ; 11.008     ;
; -9.705  ; counter_controller:u_counter_ctrl|year_counter:my_year|year[13] ; counter_controller:u_counter_ctrl|year_counter:my_year|year[6]    ; clk_50MHz    ; clk_50MHz   ; 1.000        ; 0.304      ; 11.008     ;
; -9.705  ; counter_controller:u_counter_ctrl|year_counter:my_year|year[13] ; counter_controller:u_counter_ctrl|year_counter:my_year|year[7]    ; clk_50MHz    ; clk_50MHz   ; 1.000        ; 0.304      ; 11.008     ;
; -9.705  ; counter_controller:u_counter_ctrl|year_counter:my_year|year[13] ; counter_controller:u_counter_ctrl|year_counter:my_year|year[8]    ; clk_50MHz    ; clk_50MHz   ; 1.000        ; 0.304      ; 11.008     ;
; -9.696  ; counter_controller:u_counter_ctrl|year_counter:my_year|year[12] ; counter_controller:u_counter_ctrl|year_counter:my_year|year[1]    ; clk_50MHz    ; clk_50MHz   ; 1.000        ; 0.304      ; 10.999     ;
; -9.696  ; counter_controller:u_counter_ctrl|year_counter:my_year|year[12] ; counter_controller:u_counter_ctrl|year_counter:my_year|ones[0]    ; clk_50MHz    ; clk_50MHz   ; 1.000        ; 0.304      ; 10.999     ;
; -9.696  ; counter_controller:u_counter_ctrl|year_counter:my_year|year[12] ; counter_controller:u_counter_ctrl|year_counter:my_year|year[3]    ; clk_50MHz    ; clk_50MHz   ; 1.000        ; 0.304      ; 10.999     ;
; -9.696  ; counter_controller:u_counter_ctrl|year_counter:my_year|year[12] ; counter_controller:u_counter_ctrl|year_counter:my_year|year[2]    ; clk_50MHz    ; clk_50MHz   ; 1.000        ; 0.304      ; 10.999     ;
; -9.696  ; counter_controller:u_counter_ctrl|year_counter:my_year|year[12] ; counter_controller:u_counter_ctrl|year_counter:my_year|year[4]    ; clk_50MHz    ; clk_50MHz   ; 1.000        ; 0.304      ; 10.999     ;
; -9.696  ; counter_controller:u_counter_ctrl|year_counter:my_year|year[12] ; counter_controller:u_counter_ctrl|year_counter:my_year|year[5]    ; clk_50MHz    ; clk_50MHz   ; 1.000        ; 0.304      ; 10.999     ;
; -9.696  ; counter_controller:u_counter_ctrl|year_counter:my_year|year[12] ; counter_controller:u_counter_ctrl|year_counter:my_year|year[6]    ; clk_50MHz    ; clk_50MHz   ; 1.000        ; 0.304      ; 10.999     ;
; -9.696  ; counter_controller:u_counter_ctrl|year_counter:my_year|year[12] ; counter_controller:u_counter_ctrl|year_counter:my_year|year[7]    ; clk_50MHz    ; clk_50MHz   ; 1.000        ; 0.304      ; 10.999     ;
+---------+-----------------------------------------------------------------+-------------------------------------------------------------------+--------------+-------------+--------------+------------+------------+


+---------------------------------------------------------------------------------------------------------------------------------------------------------------------------------------------------------------------+
; Slow 1200mV 0C Model Hold: 'clk_50MHz'                                                                                                                                                                              ;
+-------+-------------------------------------------------------------------+-------------------------------------------------------------------+--------------+-------------+--------------+------------+------------+
; Slack ; From Node                                                         ; To Node                                                           ; Launch Clock ; Latch Clock ; Relationship ; Clock Skew ; Data Delay ;
+-------+-------------------------------------------------------------------+-------------------------------------------------------------------+--------------+-------------+--------------+------------+------------+
; 0.354 ; btn_handler:u_btn_down|btn_debounced                              ; btn_handler:u_btn_down|btn_debounced                              ; clk_50MHz    ; clk_50MHz   ; 0.000        ; 0.072      ; 0.597      ;
; 0.354 ; btn_handler:u_btn_up|stable_cnt[1]                                ; btn_handler:u_btn_up|stable_cnt[1]                                ; clk_50MHz    ; clk_50MHz   ; 0.000        ; 0.072      ; 0.597      ;
; 0.354 ; btn_handler:u_btn_up|stable_cnt[2]                                ; btn_handler:u_btn_up|stable_cnt[2]                                ; clk_50MHz    ; clk_50MHz   ; 0.000        ; 0.072      ; 0.597      ;
; 0.354 ; btn_handler:u_btn_up|stable_cnt[3]                                ; btn_handler:u_btn_up|stable_cnt[3]                                ; clk_50MHz    ; clk_50MHz   ; 0.000        ; 0.072      ; 0.597      ;
; 0.354 ; btn_handler:u_btn_up|btn_debounced                                ; btn_handler:u_btn_up|btn_debounced                                ; clk_50MHz    ; clk_50MHz   ; 0.000        ; 0.072      ; 0.597      ;
; 0.355 ; clock_divider:u_clk_div|counter_blink[1]                          ; clock_divider:u_clk_div|counter_blink[1]                          ; clk_50MHz    ; clk_50MHz   ; 0.000        ; 0.071      ; 0.597      ;
; 0.355 ; counter_controller:u_counter_ctrl|month_counter:my_month|month[0] ; counter_controller:u_counter_ctrl|month_counter:my_month|month[0] ; clk_50MHz    ; clk_50MHz   ; 0.000        ; 0.071      ; 0.597      ;
; 0.355 ; btn_handler:u_btn_down|stable_cnt[2]                              ; btn_handler:u_btn_down|stable_cnt[2]                              ; clk_50MHz    ; clk_50MHz   ; 0.000        ; 0.071      ; 0.597      ;
; 0.355 ; btn_handler:u_btn_down|stable_cnt[1]                              ; btn_handler:u_btn_down|stable_cnt[1]                              ; clk_50MHz    ; clk_50MHz   ; 0.000        ; 0.071      ; 0.597      ;
; 0.355 ; btn_handler:u_btn_down|stable_cnt[3]                              ; btn_handler:u_btn_down|stable_cnt[3]                              ; clk_50MHz    ; clk_50MHz   ; 0.000        ; 0.071      ; 0.597      ;
; 0.356 ; blink_selector:u_blink_sel|blink_state                            ; blink_selector:u_blink_sel|blink_state                            ; clk_50MHz    ; clk_50MHz   ; 0.000        ; 0.070      ; 0.597      ;
; 0.365 ; btn_handler:u_btn_up|stable_cnt[0]                                ; btn_handler:u_btn_up|stable_cnt[0]                                ; clk_50MHz    ; clk_50MHz   ; 0.000        ; 0.072      ; 0.608      ;
; 0.366 ; btn_handler:u_btn_down|stable_cnt[0]                              ; btn_handler:u_btn_down|stable_cnt[0]                              ; clk_50MHz    ; clk_50MHz   ; 0.000        ; 0.071      ; 0.608      ;
; 0.390 ; btn_handler:u_btn_down|stable_cnt[2]                              ; btn_handler:u_btn_down|stable_cnt[3]                              ; clk_50MHz    ; clk_50MHz   ; 0.000        ; 0.071      ; 0.632      ;
; 0.397 ; btn_handler:u_btn_up|stable_cnt[0]                                ; btn_handler:u_btn_up|stable_cnt[2]                                ; clk_50MHz    ; clk_50MHz   ; 0.000        ; 0.072      ; 0.640      ;
; 0.401 ; btn_handler:u_btn_up|stable_cnt[0]                                ; btn_handler:u_btn_up|stable_cnt[1]                                ; clk_50MHz    ; clk_50MHz   ; 0.000        ; 0.072      ; 0.644      ;
; 0.424 ; btn_handler:u_btn_down|btn_debounced                              ; btn_handler:u_btn_down|btn_edge                                   ; clk_50MHz    ; clk_50MHz   ; 0.000        ; 0.072      ; 0.667      ;
; 0.428 ; clock_divider:u_clk_div|counter_blink[2]                          ; clock_divider:u_clk_div|counter_blink[5]                          ; clk_50MHz    ; clk_50MHz   ; 0.000        ; 0.071      ; 0.670      ;
; 0.428 ; clock_divider:u_clk_div|counter_blink[2]                          ; clock_divider:u_clk_div|counter_blink[1]                          ; clk_50MHz    ; clk_50MHz   ; 0.000        ; 0.071      ; 0.670      ;
; 0.507 ; btn_handler:u_btn_down|btn_sync1                                  ; btn_handler:u_btn_down|btn_sync2                                  ; clk_50MHz    ; clk_50MHz   ; 0.000        ; 0.071      ; 0.749      ;
; 0.516 ; clock_divider:u_clk_div|counter_blink[1]                          ; clock_divider:u_clk_div|tick_blink                                ; clk_50MHz    ; clk_50MHz   ; 0.000        ; 0.071      ; 0.758      ;
; 0.522 ; btn_handler:u_btn_up|btn_debounced                                ; btn_handler:u_btn_up|btn_debounced_d                              ; clk_50MHz    ; clk_50MHz   ; 0.000        ; 0.072      ; 0.765      ;
; 0.528 ; clock_divider:u_clk_div|counter_blink[1]                          ; clock_divider:u_clk_div|counter_blink[4]                          ; clk_50MHz    ; clk_50MHz   ; 0.000        ; 0.071      ; 0.770      ;
; 0.529 ; clock_divider:u_clk_div|counter_blink[1]                          ; clock_divider:u_clk_div|counter_blink[5]                          ; clk_50MHz    ; clk_50MHz   ; 0.000        ; 0.071      ; 0.771      ;
; 0.585 ; clock_divider:u_clk_div|counter_1hz[4]                            ; clock_divider:u_clk_div|counter_1hz[4]                            ; clk_50MHz    ; clk_50MHz   ; 0.000        ; 0.072      ; 0.828      ;
; 0.587 ; clock_divider:u_clk_div|counter_100hz[6]                          ; clock_divider:u_clk_div|counter_100hz[6]                          ; clk_50MHz    ; clk_50MHz   ; 0.000        ; 0.071      ; 0.829      ;
; 0.587 ; clock_divider:u_clk_div|counter_100hz[4]                          ; clock_divider:u_clk_div|counter_100hz[4]                          ; clk_50MHz    ; clk_50MHz   ; 0.000        ; 0.071      ; 0.829      ;
; 0.588 ; clock_divider:u_clk_div|counter_1hz[3]                            ; clock_divider:u_clk_div|counter_1hz[3]                            ; clk_50MHz    ; clk_50MHz   ; 0.000        ; 0.072      ; 0.831      ;
; 0.588 ; clock_divider:u_clk_div|counter_100hz[7]                          ; clock_divider:u_clk_div|counter_100hz[7]                          ; clk_50MHz    ; clk_50MHz   ; 0.000        ; 0.071      ; 0.830      ;
; 0.589 ; clock_divider:u_clk_div|counter_1hz[1]                            ; clock_divider:u_clk_div|counter_1hz[1]                            ; clk_50MHz    ; clk_50MHz   ; 0.000        ; 0.072      ; 0.832      ;
; 0.589 ; btn_handler:u_btn_up|stable_cnt[2]                                ; btn_handler:u_btn_up|stable_cnt[3]                                ; clk_50MHz    ; clk_50MHz   ; 0.000        ; 0.072      ; 0.832      ;
; 0.590 ; clock_divider:u_clk_div|counter_100hz[3]                          ; clock_divider:u_clk_div|counter_100hz[3]                          ; clk_50MHz    ; clk_50MHz   ; 0.000        ; 0.071      ; 0.832      ;
; 0.590 ; clock_divider:u_clk_div|counter_100hz[1]                          ; clock_divider:u_clk_div|counter_100hz[1]                          ; clk_50MHz    ; clk_50MHz   ; 0.000        ; 0.071      ; 0.832      ;
; 0.592 ; clock_divider:u_clk_div|counter_blink[3]                          ; clock_divider:u_clk_div|counter_blink[3]                          ; clk_50MHz    ; clk_50MHz   ; 0.000        ; 0.071      ; 0.834      ;
; 0.592 ; clock_divider:u_clk_div|counter_100hz[2]                          ; clock_divider:u_clk_div|counter_100hz[2]                          ; clk_50MHz    ; clk_50MHz   ; 0.000        ; 0.071      ; 0.834      ;
; 0.598 ; btn_handler:u_btn_up|stable_cnt[1]                                ; btn_handler:u_btn_up|stable_cnt[2]                                ; clk_50MHz    ; clk_50MHz   ; 0.000        ; 0.072      ; 0.841      ;
; 0.601 ; clock_divider:u_clk_div|counter_100hz[14]                         ; clock_divider:u_clk_div|counter_100hz[14]                         ; clk_50MHz    ; clk_50MHz   ; 0.000        ; 0.071      ; 0.843      ;
; 0.601 ; clock_divider:u_clk_div|counter_100hz[12]                         ; clock_divider:u_clk_div|counter_100hz[12]                         ; clk_50MHz    ; clk_50MHz   ; 0.000        ; 0.071      ; 0.843      ;
; 0.602 ; clock_divider:u_clk_div|counter_100hz[9]                          ; clock_divider:u_clk_div|counter_100hz[9]                          ; clk_50MHz    ; clk_50MHz   ; 0.000        ; 0.071      ; 0.844      ;
; 0.603 ; clock_divider:u_clk_div|counter_100hz[11]                         ; clock_divider:u_clk_div|counter_100hz[11]                         ; clk_50MHz    ; clk_50MHz   ; 0.000        ; 0.071      ; 0.845      ;
; 0.604 ; clock_divider:u_clk_div|counter_100hz[10]                         ; clock_divider:u_clk_div|counter_100hz[10]                         ; clk_50MHz    ; clk_50MHz   ; 0.000        ; 0.071      ; 0.846      ;
; 0.605 ; btn_handler:u_btn_down|stable_cnt[0]                              ; btn_handler:u_btn_down|stable_cnt[2]                              ; clk_50MHz    ; clk_50MHz   ; 0.000        ; 0.071      ; 0.847      ;
; 0.607 ; clock_divider:u_clk_div|counter_blink[2]                          ; clock_divider:u_clk_div|counter_blink[2]                          ; clk_50MHz    ; clk_50MHz   ; 0.000        ; 0.071      ; 0.849      ;
; 0.608 ; btn_handler:u_btn_down|stable_cnt[0]                              ; btn_handler:u_btn_down|stable_cnt[1]                              ; clk_50MHz    ; clk_50MHz   ; 0.000        ; 0.071      ; 0.850      ;
; 0.609 ; btn_handler:u_btn_up|btn_sync2                                    ; btn_handler:u_btn_up|btn_debounced                                ; clk_50MHz    ; clk_50MHz   ; 0.000        ; 0.072      ; 0.852      ;
; 0.609 ; btn_handler:u_btn_down|btn_debounced_d                            ; btn_handler:u_btn_down|btn_edge                                   ; clk_50MHz    ; clk_50MHz   ; 0.000        ; 0.072      ; 0.852      ;
; 0.612 ; btn_handler:u_btn_down|btn_debounced                              ; btn_handler:u_btn_down|btn_debounced_d                            ; clk_50MHz    ; clk_50MHz   ; 0.000        ; 0.072      ; 0.855      ;
; 0.613 ; clock_divider:u_clk_div|counter_100hz[0]                          ; clock_divider:u_clk_div|counter_100hz[0]                          ; clk_50MHz    ; clk_50MHz   ; 0.000        ; 0.071      ; 0.855      ;
; 0.616 ; clock_divider:u_clk_div|counter_blink[2]                          ; clock_divider:u_clk_div|counter_blink[4]                          ; clk_50MHz    ; clk_50MHz   ; 0.000        ; 0.071      ; 0.858      ;
; 0.623 ; counter_controller:u_counter_ctrl|month_counter:my_month|month[2] ; counter_controller:u_counter_ctrl|month_counter:my_month|month[2] ; clk_50MHz    ; clk_50MHz   ; 0.000        ; 0.071      ; 0.865      ;
; 0.632 ; clock_divider:u_clk_div|counter_1hz[0]                            ; clock_divider:u_clk_div|counter_1hz[0]                            ; clk_50MHz    ; clk_50MHz   ; 0.000        ; 0.072      ; 0.875      ;
; 0.635 ; counter_controller:u_counter_ctrl|month_counter:my_month|month[3] ; counter_controller:u_counter_ctrl|month_counter:my_month|month[3] ; clk_50MHz    ; clk_50MHz   ; 0.000        ; 0.071      ; 0.877      ;
; 0.646 ; clock_divider:u_clk_div|counter_blink[2]                          ; clock_divider:u_clk_div|tick_blink                                ; clk_50MHz    ; clk_50MHz   ; 0.000        ; 0.071      ; 0.888      ;
; 0.709 ; btn_handler:u_btn_up|btn_sync1                                    ; btn_handler:u_btn_up|btn_sync2                                    ; clk_50MHz    ; clk_50MHz   ; 0.000        ; 0.071      ; 0.951      ;
; 0.732 ; btn_handler:u_btn_down|btn_sync2                                  ; btn_handler:u_btn_down|stable_cnt[1]                              ; clk_50MHz    ; clk_50MHz   ; 0.000        ; 0.071      ; 0.974      ;
; 0.735 ; btn_handler:u_btn_down|btn_sync2                                  ; btn_handler:u_btn_down|stable_cnt[2]                              ; clk_50MHz    ; clk_50MHz   ; 0.000        ; 0.071      ; 0.977      ;
; 0.737 ; btn_handler:u_btn_down|btn_sync2                                  ; btn_handler:u_btn_down|stable_cnt[0]                              ; clk_50MHz    ; clk_50MHz   ; 0.000        ; 0.071      ; 0.979      ;
; 0.741 ; clock_divider:u_clk_div|counter_100hz[2]                          ; clock_divider:u_clk_div|counter_100hz[5]                          ; clk_50MHz    ; clk_50MHz   ; 0.000        ; 0.071      ; 0.983      ;
; 0.741 ; clock_divider:u_clk_div|counter_100hz[2]                          ; clock_divider:u_clk_div|counter_100hz[8]                          ; clk_50MHz    ; clk_50MHz   ; 0.000        ; 0.071      ; 0.983      ;
; 0.758 ; clock_divider:u_clk_div|counter_100hz[2]                          ; clock_divider:u_clk_div|tick_100hz                                ; clk_50MHz    ; clk_50MHz   ; 0.000        ; 0.071      ; 1.000      ;
; 0.762 ; counter_controller:u_counter_ctrl|month_counter:my_month|month[1] ; counter_controller:u_counter_ctrl|month_counter:my_month|month[1] ; clk_50MHz    ; clk_50MHz   ; 0.000        ; 0.071      ; 1.004      ;
; 0.766 ; btn_handler:u_btn_down|stable_cnt[1]                              ; btn_handler:u_btn_down|stable_cnt[2]                              ; clk_50MHz    ; clk_50MHz   ; 0.000        ; 0.071      ; 1.008      ;
; 0.801 ; btn_handler:u_btn_down|btn_sync2                                  ; btn_handler:u_btn_down|btn_debounced                              ; clk_50MHz    ; clk_50MHz   ; 0.000        ; 0.071      ; 1.043      ;
; 0.836 ; clock_divider:u_clk_div|counter_1hz[6]                            ; clock_divider:u_clk_div|counter_1hz[6]                            ; clk_50MHz    ; clk_50MHz   ; 0.000        ; 0.072      ; 1.079      ;
; 0.841 ; btn_handler:u_btn_up|btn_debounced                                ; btn_handler:u_btn_up|stable_cnt[0]                                ; clk_50MHz    ; clk_50MHz   ; 0.000        ; 0.072      ; 1.084      ;
; 0.842 ; btn_handler:u_btn_up|btn_debounced                                ; btn_handler:u_btn_up|stable_cnt[3]                                ; clk_50MHz    ; clk_50MHz   ; 0.000        ; 0.072      ; 1.085      ;
; 0.851 ; clock_divider:u_clk_div|counter_100hz[0]                          ; clock_divider:u_clk_div|counter_100hz[5]                          ; clk_50MHz    ; clk_50MHz   ; 0.000        ; 0.071      ; 1.093      ;
; 0.851 ; clock_divider:u_clk_div|counter_100hz[0]                          ; clock_divider:u_clk_div|counter_100hz[8]                          ; clk_50MHz    ; clk_50MHz   ; 0.000        ; 0.071      ; 1.093      ;
; 0.868 ; clock_divider:u_clk_div|counter_100hz[0]                          ; clock_divider:u_clk_div|tick_100hz                                ; clk_50MHz    ; clk_50MHz   ; 0.000        ; 0.071      ; 1.110      ;
; 0.872 ; clock_divider:u_clk_div|counter_1hz[0]                            ; clock_divider:u_clk_div|counter_1hz[5]                            ; clk_50MHz    ; clk_50MHz   ; 0.000        ; 0.072      ; 1.115      ;
; 0.875 ; clock_divider:u_clk_div|counter_1hz[3]                            ; clock_divider:u_clk_div|counter_1hz[4]                            ; clk_50MHz    ; clk_50MHz   ; 0.000        ; 0.072      ; 1.118      ;
; 0.875 ; clock_divider:u_clk_div|counter_100hz[6]                          ; clock_divider:u_clk_div|counter_100hz[7]                          ; clk_50MHz    ; clk_50MHz   ; 0.000        ; 0.071      ; 1.117      ;
; 0.877 ; clock_divider:u_clk_div|counter_100hz[3]                          ; clock_divider:u_clk_div|counter_100hz[4]                          ; clk_50MHz    ; clk_50MHz   ; 0.000        ; 0.071      ; 1.119      ;
; 0.877 ; clock_divider:u_clk_div|counter_100hz[1]                          ; clock_divider:u_clk_div|counter_100hz[2]                          ; clk_50MHz    ; clk_50MHz   ; 0.000        ; 0.071      ; 1.119      ;
; 0.877 ; clock_divider:u_clk_div|counter_1hz[2]                            ; clock_divider:u_clk_div|counter_1hz[3]                            ; clk_50MHz    ; clk_50MHz   ; 0.000        ; 0.072      ; 1.120      ;
; 0.879 ; clock_divider:u_clk_div|counter_100hz[5]                          ; clock_divider:u_clk_div|counter_100hz[6]                          ; clk_50MHz    ; clk_50MHz   ; 0.000        ; 0.071      ; 1.121      ;
; 0.880 ; clock_divider:u_clk_div|counter_100hz[2]                          ; clock_divider:u_clk_div|counter_100hz[3]                          ; clk_50MHz    ; clk_50MHz   ; 0.000        ; 0.071      ; 1.122      ;
; 0.880 ; clock_divider:u_clk_div|counter_100hz[0]                          ; clock_divider:u_clk_div|counter_100hz[1]                          ; clk_50MHz    ; clk_50MHz   ; 0.000        ; 0.071      ; 1.122      ;
; 0.884 ; clock_divider:u_clk_div|counter_100hz[8]                          ; clock_divider:u_clk_div|counter_100hz[9]                          ; clk_50MHz    ; clk_50MHz   ; 0.000        ; 0.066      ; 1.121      ;
; 0.886 ; clock_divider:u_clk_div|counter_100hz[4]                          ; clock_divider:u_clk_div|counter_100hz[6]                          ; clk_50MHz    ; clk_50MHz   ; 0.000        ; 0.071      ; 1.128      ;
; 0.888 ; clock_divider:u_clk_div|counter_100hz[13]                         ; clock_divider:u_clk_div|counter_100hz[14]                         ; clk_50MHz    ; clk_50MHz   ; 0.000        ; 0.071      ; 1.130      ;
; 0.888 ; clock_divider:u_clk_div|counter_1hz[2]                            ; clock_divider:u_clk_div|counter_1hz[4]                            ; clk_50MHz    ; clk_50MHz   ; 0.000        ; 0.072      ; 1.131      ;
; 0.889 ; clock_divider:u_clk_div|counter_100hz[9]                          ; clock_divider:u_clk_div|counter_100hz[10]                         ; clk_50MHz    ; clk_50MHz   ; 0.000        ; 0.071      ; 1.131      ;
; 0.890 ; clock_divider:u_clk_div|counter_100hz[11]                         ; clock_divider:u_clk_div|counter_100hz[12]                         ; clk_50MHz    ; clk_50MHz   ; 0.000        ; 0.071      ; 1.132      ;
; 0.891 ; clock_divider:u_clk_div|counter_100hz[2]                          ; clock_divider:u_clk_div|counter_100hz[4]                          ; clk_50MHz    ; clk_50MHz   ; 0.000        ; 0.071      ; 1.133      ;
; 0.891 ; clock_divider:u_clk_div|counter_100hz[0]                          ; clock_divider:u_clk_div|counter_100hz[2]                          ; clk_50MHz    ; clk_50MHz   ; 0.000        ; 0.071      ; 1.133      ;
; 0.892 ; clock_divider:u_clk_div|counter_100hz[10]                         ; clock_divider:u_clk_div|counter_100hz[11]                         ; clk_50MHz    ; clk_50MHz   ; 0.000        ; 0.071      ; 1.134      ;
; 0.893 ; clock_divider:u_clk_div|counter_blink[1]                          ; clock_divider:u_clk_div|counter_blink[2]                          ; clk_50MHz    ; clk_50MHz   ; 0.000        ; 0.071      ; 1.135      ;
; 0.894 ; clock_divider:u_clk_div|counter_blink[2]                          ; clock_divider:u_clk_div|counter_blink[3]                          ; clk_50MHz    ; clk_50MHz   ; 0.000        ; 0.071      ; 1.136      ;
; 0.895 ; clock_divider:u_clk_div|counter_100hz[8]                          ; clock_divider:u_clk_div|counter_100hz[10]                         ; clk_50MHz    ; clk_50MHz   ; 0.000        ; 0.066      ; 1.132      ;
; 0.899 ; clock_divider:u_clk_div|counter_1hz[0]                            ; clock_divider:u_clk_div|counter_1hz[1]                            ; clk_50MHz    ; clk_50MHz   ; 0.000        ; 0.072      ; 1.142      ;
; 0.900 ; clock_divider:u_clk_div|counter_100hz[12]                         ; clock_divider:u_clk_div|counter_100hz[14]                         ; clk_50MHz    ; clk_50MHz   ; 0.000        ; 0.071      ; 1.142      ;
; 0.903 ; clock_divider:u_clk_div|counter_blink[5]                          ; clock_divider:u_clk_div|counter_blink[5]                          ; clk_50MHz    ; clk_50MHz   ; 0.000        ; 0.071      ; 1.145      ;
; 0.903 ; clock_divider:u_clk_div|counter_100hz[10]                         ; clock_divider:u_clk_div|counter_100hz[12]                         ; clk_50MHz    ; clk_50MHz   ; 0.000        ; 0.071      ; 1.145      ;
; 0.904 ; clock_divider:u_clk_div|counter_blink[1]                          ; clock_divider:u_clk_div|counter_blink[3]                          ; clk_50MHz    ; clk_50MHz   ; 0.000        ; 0.071      ; 1.146      ;
; 0.907 ; counter_controller:u_counter_ctrl|month_counter:my_month|month[0] ; counter_controller:u_counter_ctrl|month_counter:my_month|month[1] ; clk_50MHz    ; clk_50MHz   ; 0.000        ; 0.071      ; 1.149      ;
; 0.911 ; counter_controller:u_counter_ctrl|month_counter:my_month|month[2] ; counter_controller:u_counter_ctrl|month_counter:my_month|month[3] ; clk_50MHz    ; clk_50MHz   ; 0.000        ; 0.071      ; 1.153      ;
; 0.912 ; clock_divider:u_clk_div|counter_blink[4]                          ; clock_divider:u_clk_div|counter_blink[4]                          ; clk_50MHz    ; clk_50MHz   ; 0.000        ; 0.071      ; 1.154      ;
; 0.913 ; counter_controller:u_counter_ctrl|hour_counter:my_hr|hour[4]      ; counter_controller:u_counter_ctrl|hour_counter:my_hr|hour[4]      ; clk_50MHz    ; clk_50MHz   ; 0.000        ; 0.070      ; 1.154      ;
; 0.922 ; btn_handler:u_btn_down|stable_cnt[0]                              ; btn_handler:u_btn_down|stable_cnt[3]                              ; clk_50MHz    ; clk_50MHz   ; 0.000        ; 0.071      ; 1.164      ;
+-------+-------------------------------------------------------------------+-------------------------------------------------------------------+--------------+-------------+--------------+------------+------------+


----------------------------------------------
; Slow 1200mV 0C Model Metastability Summary ;
----------------------------------------------
No synchronizer chains to report.


+------------------------------------+
; Fast 1200mV 0C Model Setup Summary ;
+-----------+--------+---------------+
; Clock     ; Slack  ; End Point TNS ;
+-----------+--------+---------------+
; clk_50MHz ; -5.195 ; -152.956      ;
+-----------+--------+---------------+


+-----------------------------------+
; Fast 1200mV 0C Model Hold Summary ;
+-----------+-------+---------------+
; Clock     ; Slack ; End Point TNS ;
+-----------+-------+---------------+
; clk_50MHz ; 0.182 ; 0.000         ;
+-----------+-------+---------------+


-----------------------------------------
; Fast 1200mV 0C Model Recovery Summary ;
-----------------------------------------
No paths to report.


----------------------------------------
; Fast 1200mV 0C Model Removal Summary ;
----------------------------------------
No paths to report.


+--------------------------------------------------+
; Fast 1200mV 0C Model Minimum Pulse Width Summary ;
+-----------+--------+-----------------------------+
; Clock     ; Slack  ; End Point TNS               ;
+-----------+--------+-----------------------------+
; clk_50MHz ; -3.000 ; -103.103                    ;
+-----------+--------+-----------------------------+


+--------------------------------------------------------------------------------------------------------------------------------------------------------------------------------------------------------------------+
; Fast 1200mV 0C Model Setup: 'clk_50MHz'                                                                                                                                                                            ;
+--------+-----------------------------------------------------------------+-------------------------------------------------------------------+--------------+-------------+--------------+------------+------------+
; Slack  ; From Node                                                       ; To Node                                                           ; Launch Clock ; Latch Clock ; Relationship ; Clock Skew ; Data Delay ;
+--------+-----------------------------------------------------------------+-------------------------------------------------------------------+--------------+-------------+--------------+------------+------------+
; -5.195 ; counter_controller:u_counter_ctrl|year_counter:my_year|year[13] ; counter_controller:u_counter_ctrl|month_counter:my_month|month[3] ; clk_50MHz    ; clk_50MHz   ; 1.000        ; -0.054     ; 6.128      ;
; -5.195 ; counter_controller:u_counter_ctrl|year_counter:my_year|year[11] ; counter_controller:u_counter_ctrl|month_counter:my_month|month[3] ; clk_50MHz    ; clk_50MHz   ; 1.000        ; -0.054     ; 6.128      ;
; -5.192 ; counter_controller:u_counter_ctrl|year_counter:my_year|year[10] ; counter_controller:u_counter_ctrl|month_counter:my_month|month[3] ; clk_50MHz    ; clk_50MHz   ; 1.000        ; -0.054     ; 6.125      ;
; -5.179 ; counter_controller:u_counter_ctrl|year_counter:my_year|year[12] ; counter_controller:u_counter_ctrl|month_counter:my_month|month[3] ; clk_50MHz    ; clk_50MHz   ; 1.000        ; -0.054     ; 6.112      ;
; -5.155 ; counter_controller:u_counter_ctrl|year_counter:my_year|year[13] ; counter_controller:u_counter_ctrl|year_counter:my_year|year[10]   ; clk_50MHz    ; clk_50MHz   ; 1.000        ; -0.041     ; 6.101      ;
; -5.155 ; counter_controller:u_counter_ctrl|year_counter:my_year|year[11] ; counter_controller:u_counter_ctrl|year_counter:my_year|year[10]   ; clk_50MHz    ; clk_50MHz   ; 1.000        ; -0.041     ; 6.101      ;
; -5.152 ; counter_controller:u_counter_ctrl|year_counter:my_year|year[10] ; counter_controller:u_counter_ctrl|year_counter:my_year|year[10]   ; clk_50MHz    ; clk_50MHz   ; 1.000        ; -0.041     ; 6.098      ;
; -5.150 ; counter_controller:u_counter_ctrl|year_counter:my_year|year[13] ; counter_controller:u_counter_ctrl|year_counter:my_year|year[13]   ; clk_50MHz    ; clk_50MHz   ; 1.000        ; -0.041     ; 6.096      ;
; -5.150 ; counter_controller:u_counter_ctrl|year_counter:my_year|year[11] ; counter_controller:u_counter_ctrl|year_counter:my_year|year[13]   ; clk_50MHz    ; clk_50MHz   ; 1.000        ; -0.041     ; 6.096      ;
; -5.147 ; counter_controller:u_counter_ctrl|year_counter:my_year|year[10] ; counter_controller:u_counter_ctrl|year_counter:my_year|year[13]   ; clk_50MHz    ; clk_50MHz   ; 1.000        ; -0.041     ; 6.093      ;
; -5.141 ; counter_controller:u_counter_ctrl|year_counter:my_year|year[13] ; counter_controller:u_counter_ctrl|month_counter:my_month|month[2] ; clk_50MHz    ; clk_50MHz   ; 1.000        ; -0.054     ; 6.074      ;
; -5.141 ; counter_controller:u_counter_ctrl|year_counter:my_year|year[13] ; counter_controller:u_counter_ctrl|month_counter:my_month|month[1] ; clk_50MHz    ; clk_50MHz   ; 1.000        ; -0.054     ; 6.074      ;
; -5.141 ; counter_controller:u_counter_ctrl|year_counter:my_year|year[11] ; counter_controller:u_counter_ctrl|month_counter:my_month|month[2] ; clk_50MHz    ; clk_50MHz   ; 1.000        ; -0.054     ; 6.074      ;
; -5.141 ; counter_controller:u_counter_ctrl|year_counter:my_year|year[11] ; counter_controller:u_counter_ctrl|month_counter:my_month|month[1] ; clk_50MHz    ; clk_50MHz   ; 1.000        ; -0.054     ; 6.074      ;
; -5.139 ; counter_controller:u_counter_ctrl|year_counter:my_year|year[12] ; counter_controller:u_counter_ctrl|year_counter:my_year|year[10]   ; clk_50MHz    ; clk_50MHz   ; 1.000        ; -0.041     ; 6.085      ;
; -5.138 ; counter_controller:u_counter_ctrl|year_counter:my_year|year[10] ; counter_controller:u_counter_ctrl|month_counter:my_month|month[2] ; clk_50MHz    ; clk_50MHz   ; 1.000        ; -0.054     ; 6.071      ;
; -5.138 ; counter_controller:u_counter_ctrl|year_counter:my_year|year[10] ; counter_controller:u_counter_ctrl|month_counter:my_month|month[1] ; clk_50MHz    ; clk_50MHz   ; 1.000        ; -0.054     ; 6.071      ;
; -5.136 ; counter_controller:u_counter_ctrl|year_counter:my_year|year[13] ; counter_controller:u_counter_ctrl|year_counter:my_year|year[12]   ; clk_50MHz    ; clk_50MHz   ; 1.000        ; -0.041     ; 6.082      ;
; -5.136 ; counter_controller:u_counter_ctrl|year_counter:my_year|year[13] ; counter_controller:u_counter_ctrl|year_counter:my_year|year[11]   ; clk_50MHz    ; clk_50MHz   ; 1.000        ; -0.041     ; 6.082      ;
; -5.136 ; counter_controller:u_counter_ctrl|year_counter:my_year|year[11] ; counter_controller:u_counter_ctrl|year_counter:my_year|year[12]   ; clk_50MHz    ; clk_50MHz   ; 1.000        ; -0.041     ; 6.082      ;
; -5.136 ; counter_controller:u_counter_ctrl|year_counter:my_year|year[11] ; counter_controller:u_counter_ctrl|year_counter:my_year|year[11]   ; clk_50MHz    ; clk_50MHz   ; 1.000        ; -0.041     ; 6.082      ;
; -5.134 ; counter_controller:u_counter_ctrl|year_counter:my_year|year[12] ; counter_controller:u_counter_ctrl|year_counter:my_year|year[13]   ; clk_50MHz    ; clk_50MHz   ; 1.000        ; -0.041     ; 6.080      ;
; -5.133 ; counter_controller:u_counter_ctrl|year_counter:my_year|year[10] ; counter_controller:u_counter_ctrl|year_counter:my_year|year[12]   ; clk_50MHz    ; clk_50MHz   ; 1.000        ; -0.041     ; 6.079      ;
; -5.133 ; counter_controller:u_counter_ctrl|year_counter:my_year|year[10] ; counter_controller:u_counter_ctrl|year_counter:my_year|year[11]   ; clk_50MHz    ; clk_50MHz   ; 1.000        ; -0.041     ; 6.079      ;
; -5.125 ; counter_controller:u_counter_ctrl|year_counter:my_year|year[12] ; counter_controller:u_counter_ctrl|month_counter:my_month|month[2] ; clk_50MHz    ; clk_50MHz   ; 1.000        ; -0.054     ; 6.058      ;
; -5.125 ; counter_controller:u_counter_ctrl|year_counter:my_year|year[12] ; counter_controller:u_counter_ctrl|month_counter:my_month|month[1] ; clk_50MHz    ; clk_50MHz   ; 1.000        ; -0.054     ; 6.058      ;
; -5.120 ; counter_controller:u_counter_ctrl|year_counter:my_year|year[12] ; counter_controller:u_counter_ctrl|year_counter:my_year|year[12]   ; clk_50MHz    ; clk_50MHz   ; 1.000        ; -0.041     ; 6.066      ;
; -5.120 ; counter_controller:u_counter_ctrl|year_counter:my_year|year[12] ; counter_controller:u_counter_ctrl|year_counter:my_year|year[11]   ; clk_50MHz    ; clk_50MHz   ; 1.000        ; -0.041     ; 6.066      ;
; -5.018 ; counter_controller:u_counter_ctrl|year_counter:my_year|year[9]  ; counter_controller:u_counter_ctrl|month_counter:my_month|month[3] ; clk_50MHz    ; clk_50MHz   ; 1.000        ; -0.257     ; 5.748      ;
; -5.010 ; counter_controller:u_counter_ctrl|year_counter:my_year|year[8]  ; counter_controller:u_counter_ctrl|month_counter:my_month|month[3] ; clk_50MHz    ; clk_50MHz   ; 1.000        ; -0.251     ; 5.746      ;
; -4.978 ; counter_controller:u_counter_ctrl|year_counter:my_year|year[9]  ; counter_controller:u_counter_ctrl|year_counter:my_year|year[10]   ; clk_50MHz    ; clk_50MHz   ; 1.000        ; -0.244     ; 5.721      ;
; -4.973 ; counter_controller:u_counter_ctrl|year_counter:my_year|year[9]  ; counter_controller:u_counter_ctrl|year_counter:my_year|year[13]   ; clk_50MHz    ; clk_50MHz   ; 1.000        ; -0.244     ; 5.716      ;
; -4.970 ; counter_controller:u_counter_ctrl|year_counter:my_year|year[8]  ; counter_controller:u_counter_ctrl|year_counter:my_year|year[10]   ; clk_50MHz    ; clk_50MHz   ; 1.000        ; -0.238     ; 5.719      ;
; -4.965 ; counter_controller:u_counter_ctrl|year_counter:my_year|year[8]  ; counter_controller:u_counter_ctrl|year_counter:my_year|year[13]   ; clk_50MHz    ; clk_50MHz   ; 1.000        ; -0.238     ; 5.714      ;
; -4.964 ; counter_controller:u_counter_ctrl|year_counter:my_year|year[9]  ; counter_controller:u_counter_ctrl|month_counter:my_month|month[2] ; clk_50MHz    ; clk_50MHz   ; 1.000        ; -0.257     ; 5.694      ;
; -4.964 ; counter_controller:u_counter_ctrl|year_counter:my_year|year[9]  ; counter_controller:u_counter_ctrl|month_counter:my_month|month[1] ; clk_50MHz    ; clk_50MHz   ; 1.000        ; -0.257     ; 5.694      ;
; -4.962 ; counter_controller:u_counter_ctrl|year_counter:my_year|year[13] ; counter_controller:u_counter_ctrl|year_counter:my_year|year[9]    ; clk_50MHz    ; clk_50MHz   ; 1.000        ; 0.155      ; 6.104      ;
; -4.962 ; counter_controller:u_counter_ctrl|year_counter:my_year|year[11] ; counter_controller:u_counter_ctrl|year_counter:my_year|year[9]    ; clk_50MHz    ; clk_50MHz   ; 1.000        ; 0.155      ; 6.104      ;
; -4.959 ; counter_controller:u_counter_ctrl|year_counter:my_year|year[9]  ; counter_controller:u_counter_ctrl|year_counter:my_year|year[12]   ; clk_50MHz    ; clk_50MHz   ; 1.000        ; -0.244     ; 5.702      ;
; -4.959 ; counter_controller:u_counter_ctrl|year_counter:my_year|year[9]  ; counter_controller:u_counter_ctrl|year_counter:my_year|year[11]   ; clk_50MHz    ; clk_50MHz   ; 1.000        ; -0.244     ; 5.702      ;
; -4.959 ; counter_controller:u_counter_ctrl|year_counter:my_year|year[10] ; counter_controller:u_counter_ctrl|year_counter:my_year|year[9]    ; clk_50MHz    ; clk_50MHz   ; 1.000        ; 0.155      ; 6.101      ;
; -4.956 ; counter_controller:u_counter_ctrl|year_counter:my_year|year[8]  ; counter_controller:u_counter_ctrl|month_counter:my_month|month[2] ; clk_50MHz    ; clk_50MHz   ; 1.000        ; -0.251     ; 5.692      ;
; -4.956 ; counter_controller:u_counter_ctrl|year_counter:my_year|year[8]  ; counter_controller:u_counter_ctrl|month_counter:my_month|month[1] ; clk_50MHz    ; clk_50MHz   ; 1.000        ; -0.251     ; 5.692      ;
; -4.951 ; counter_controller:u_counter_ctrl|year_counter:my_year|year[8]  ; counter_controller:u_counter_ctrl|year_counter:my_year|year[12]   ; clk_50MHz    ; clk_50MHz   ; 1.000        ; -0.238     ; 5.700      ;
; -4.951 ; counter_controller:u_counter_ctrl|year_counter:my_year|year[8]  ; counter_controller:u_counter_ctrl|year_counter:my_year|year[11]   ; clk_50MHz    ; clk_50MHz   ; 1.000        ; -0.238     ; 5.700      ;
; -4.946 ; counter_controller:u_counter_ctrl|year_counter:my_year|year[12] ; counter_controller:u_counter_ctrl|year_counter:my_year|year[9]    ; clk_50MHz    ; clk_50MHz   ; 1.000        ; 0.155      ; 6.088      ;
; -4.936 ; counter_controller:u_counter_ctrl|year_counter:my_year|year[13] ; counter_controller:u_counter_ctrl|day_counter:my_day|day[4]       ; clk_50MHz    ; clk_50MHz   ; 1.000        ; 0.147      ; 6.070      ;
; -4.936 ; counter_controller:u_counter_ctrl|year_counter:my_year|year[11] ; counter_controller:u_counter_ctrl|day_counter:my_day|day[4]       ; clk_50MHz    ; clk_50MHz   ; 1.000        ; 0.147      ; 6.070      ;
; -4.935 ; counter_controller:u_counter_ctrl|year_counter:my_year|year[13] ; counter_controller:u_counter_ctrl|day_counter:my_day|day[2]       ; clk_50MHz    ; clk_50MHz   ; 1.000        ; 0.147      ; 6.069      ;
; -4.935 ; counter_controller:u_counter_ctrl|year_counter:my_year|year[11] ; counter_controller:u_counter_ctrl|day_counter:my_day|day[2]       ; clk_50MHz    ; clk_50MHz   ; 1.000        ; 0.147      ; 6.069      ;
; -4.934 ; counter_controller:u_counter_ctrl|year_counter:my_year|year[13] ; counter_controller:u_counter_ctrl|day_counter:my_day|day[3]       ; clk_50MHz    ; clk_50MHz   ; 1.000        ; 0.147      ; 6.068      ;
; -4.934 ; counter_controller:u_counter_ctrl|year_counter:my_year|year[11] ; counter_controller:u_counter_ctrl|day_counter:my_day|day[3]       ; clk_50MHz    ; clk_50MHz   ; 1.000        ; 0.147      ; 6.068      ;
; -4.933 ; counter_controller:u_counter_ctrl|year_counter:my_year|year[10] ; counter_controller:u_counter_ctrl|day_counter:my_day|day[4]       ; clk_50MHz    ; clk_50MHz   ; 1.000        ; 0.147      ; 6.067      ;
; -4.932 ; counter_controller:u_counter_ctrl|year_counter:my_year|year[10] ; counter_controller:u_counter_ctrl|day_counter:my_day|day[2]       ; clk_50MHz    ; clk_50MHz   ; 1.000        ; 0.147      ; 6.066      ;
; -4.931 ; counter_controller:u_counter_ctrl|year_counter:my_year|year[10] ; counter_controller:u_counter_ctrl|day_counter:my_day|day[3]       ; clk_50MHz    ; clk_50MHz   ; 1.000        ; 0.147      ; 6.065      ;
; -4.920 ; counter_controller:u_counter_ctrl|year_counter:my_year|year[12] ; counter_controller:u_counter_ctrl|day_counter:my_day|day[4]       ; clk_50MHz    ; clk_50MHz   ; 1.000        ; 0.147      ; 6.054      ;
; -4.919 ; counter_controller:u_counter_ctrl|year_counter:my_year|year[12] ; counter_controller:u_counter_ctrl|day_counter:my_day|day[2]       ; clk_50MHz    ; clk_50MHz   ; 1.000        ; 0.147      ; 6.053      ;
; -4.918 ; counter_controller:u_counter_ctrl|year_counter:my_year|year[12] ; counter_controller:u_counter_ctrl|day_counter:my_day|day[3]       ; clk_50MHz    ; clk_50MHz   ; 1.000        ; 0.147      ; 6.052      ;
; -4.785 ; counter_controller:u_counter_ctrl|year_counter:my_year|year[9]  ; counter_controller:u_counter_ctrl|year_counter:my_year|year[9]    ; clk_50MHz    ; clk_50MHz   ; 1.000        ; -0.048     ; 5.724      ;
; -4.777 ; counter_controller:u_counter_ctrl|year_counter:my_year|year[8]  ; counter_controller:u_counter_ctrl|year_counter:my_year|year[9]    ; clk_50MHz    ; clk_50MHz   ; 1.000        ; -0.042     ; 5.722      ;
; -4.759 ; counter_controller:u_counter_ctrl|year_counter:my_year|year[13] ; counter_controller:u_counter_ctrl|day_counter:my_day|day[0]       ; clk_50MHz    ; clk_50MHz   ; 1.000        ; 0.131      ; 5.877      ;
; -4.759 ; counter_controller:u_counter_ctrl|year_counter:my_year|year[9]  ; counter_controller:u_counter_ctrl|day_counter:my_day|day[4]       ; clk_50MHz    ; clk_50MHz   ; 1.000        ; -0.056     ; 5.690      ;
; -4.759 ; counter_controller:u_counter_ctrl|year_counter:my_year|year[11] ; counter_controller:u_counter_ctrl|day_counter:my_day|day[0]       ; clk_50MHz    ; clk_50MHz   ; 1.000        ; 0.131      ; 5.877      ;
; -4.758 ; counter_controller:u_counter_ctrl|year_counter:my_year|year[9]  ; counter_controller:u_counter_ctrl|day_counter:my_day|day[2]       ; clk_50MHz    ; clk_50MHz   ; 1.000        ; -0.056     ; 5.689      ;
; -4.757 ; counter_controller:u_counter_ctrl|year_counter:my_year|year[13] ; counter_controller:u_counter_ctrl|day_counter:my_day|day[1]       ; clk_50MHz    ; clk_50MHz   ; 1.000        ; 0.131      ; 5.875      ;
; -4.757 ; counter_controller:u_counter_ctrl|year_counter:my_year|year[9]  ; counter_controller:u_counter_ctrl|day_counter:my_day|day[3]       ; clk_50MHz    ; clk_50MHz   ; 1.000        ; -0.056     ; 5.688      ;
; -4.757 ; counter_controller:u_counter_ctrl|year_counter:my_year|year[11] ; counter_controller:u_counter_ctrl|day_counter:my_day|day[1]       ; clk_50MHz    ; clk_50MHz   ; 1.000        ; 0.131      ; 5.875      ;
; -4.756 ; counter_controller:u_counter_ctrl|year_counter:my_year|year[10] ; counter_controller:u_counter_ctrl|day_counter:my_day|day[0]       ; clk_50MHz    ; clk_50MHz   ; 1.000        ; 0.131      ; 5.874      ;
; -4.754 ; counter_controller:u_counter_ctrl|year_counter:my_year|year[10] ; counter_controller:u_counter_ctrl|day_counter:my_day|day[1]       ; clk_50MHz    ; clk_50MHz   ; 1.000        ; 0.131      ; 5.872      ;
; -4.751 ; counter_controller:u_counter_ctrl|year_counter:my_year|year[8]  ; counter_controller:u_counter_ctrl|day_counter:my_day|day[4]       ; clk_50MHz    ; clk_50MHz   ; 1.000        ; -0.050     ; 5.688      ;
; -4.750 ; counter_controller:u_counter_ctrl|year_counter:my_year|year[8]  ; counter_controller:u_counter_ctrl|day_counter:my_day|day[2]       ; clk_50MHz    ; clk_50MHz   ; 1.000        ; -0.050     ; 5.687      ;
; -4.749 ; counter_controller:u_counter_ctrl|year_counter:my_year|year[8]  ; counter_controller:u_counter_ctrl|day_counter:my_day|day[3]       ; clk_50MHz    ; clk_50MHz   ; 1.000        ; -0.050     ; 5.686      ;
; -4.743 ; counter_controller:u_counter_ctrl|year_counter:my_year|year[12] ; counter_controller:u_counter_ctrl|day_counter:my_day|day[0]       ; clk_50MHz    ; clk_50MHz   ; 1.000        ; 0.131      ; 5.861      ;
; -4.741 ; counter_controller:u_counter_ctrl|year_counter:my_year|year[12] ; counter_controller:u_counter_ctrl|day_counter:my_day|day[1]       ; clk_50MHz    ; clk_50MHz   ; 1.000        ; 0.131      ; 5.859      ;
; -4.734 ; counter_controller:u_counter_ctrl|year_counter:my_year|year[13] ; counter_controller:u_counter_ctrl|month_counter:my_month|month[0] ; clk_50MHz    ; clk_50MHz   ; 1.000        ; -0.054     ; 5.667      ;
; -4.734 ; counter_controller:u_counter_ctrl|year_counter:my_year|year[11] ; counter_controller:u_counter_ctrl|month_counter:my_month|month[0] ; clk_50MHz    ; clk_50MHz   ; 1.000        ; -0.054     ; 5.667      ;
; -4.731 ; counter_controller:u_counter_ctrl|year_counter:my_year|year[10] ; counter_controller:u_counter_ctrl|month_counter:my_month|month[0] ; clk_50MHz    ; clk_50MHz   ; 1.000        ; -0.054     ; 5.664      ;
; -4.728 ; counter_controller:u_counter_ctrl|year_counter:my_year|year[13] ; counter_controller:u_counter_ctrl|year_counter:my_year|year[1]    ; clk_50MHz    ; clk_50MHz   ; 1.000        ; 0.148      ; 5.863      ;
; -4.728 ; counter_controller:u_counter_ctrl|year_counter:my_year|year[13] ; counter_controller:u_counter_ctrl|year_counter:my_year|ones[0]    ; clk_50MHz    ; clk_50MHz   ; 1.000        ; 0.148      ; 5.863      ;
; -4.728 ; counter_controller:u_counter_ctrl|year_counter:my_year|year[13] ; counter_controller:u_counter_ctrl|year_counter:my_year|year[3]    ; clk_50MHz    ; clk_50MHz   ; 1.000        ; 0.148      ; 5.863      ;
; -4.728 ; counter_controller:u_counter_ctrl|year_counter:my_year|year[13] ; counter_controller:u_counter_ctrl|year_counter:my_year|year[2]    ; clk_50MHz    ; clk_50MHz   ; 1.000        ; 0.148      ; 5.863      ;
; -4.728 ; counter_controller:u_counter_ctrl|year_counter:my_year|year[13] ; counter_controller:u_counter_ctrl|year_counter:my_year|year[4]    ; clk_50MHz    ; clk_50MHz   ; 1.000        ; 0.148      ; 5.863      ;
; -4.728 ; counter_controller:u_counter_ctrl|year_counter:my_year|year[13] ; counter_controller:u_counter_ctrl|year_counter:my_year|year[5]    ; clk_50MHz    ; clk_50MHz   ; 1.000        ; 0.148      ; 5.863      ;
; -4.728 ; counter_controller:u_counter_ctrl|year_counter:my_year|year[13] ; counter_controller:u_counter_ctrl|year_counter:my_year|year[6]    ; clk_50MHz    ; clk_50MHz   ; 1.000        ; 0.148      ; 5.863      ;
; -4.728 ; counter_controller:u_counter_ctrl|year_counter:my_year|year[13] ; counter_controller:u_counter_ctrl|year_counter:my_year|year[7]    ; clk_50MHz    ; clk_50MHz   ; 1.000        ; 0.148      ; 5.863      ;
; -4.728 ; counter_controller:u_counter_ctrl|year_counter:my_year|year[13] ; counter_controller:u_counter_ctrl|year_counter:my_year|year[8]    ; clk_50MHz    ; clk_50MHz   ; 1.000        ; 0.148      ; 5.863      ;
; -4.728 ; counter_controller:u_counter_ctrl|year_counter:my_year|year[11] ; counter_controller:u_counter_ctrl|year_counter:my_year|year[1]    ; clk_50MHz    ; clk_50MHz   ; 1.000        ; 0.148      ; 5.863      ;
; -4.728 ; counter_controller:u_counter_ctrl|year_counter:my_year|year[11] ; counter_controller:u_counter_ctrl|year_counter:my_year|ones[0]    ; clk_50MHz    ; clk_50MHz   ; 1.000        ; 0.148      ; 5.863      ;
; -4.728 ; counter_controller:u_counter_ctrl|year_counter:my_year|year[11] ; counter_controller:u_counter_ctrl|year_counter:my_year|year[3]    ; clk_50MHz    ; clk_50MHz   ; 1.000        ; 0.148      ; 5.863      ;
; -4.728 ; counter_controller:u_counter_ctrl|year_counter:my_year|year[11] ; counter_controller:u_counter_ctrl|year_counter:my_year|year[2]    ; clk_50MHz    ; clk_50MHz   ; 1.000        ; 0.148      ; 5.863      ;
; -4.728 ; counter_controller:u_counter_ctrl|year_counter:my_year|year[11] ; counter_controller:u_counter_ctrl|year_counter:my_year|year[4]    ; clk_50MHz    ; clk_50MHz   ; 1.000        ; 0.148      ; 5.863      ;
; -4.728 ; counter_controller:u_counter_ctrl|year_counter:my_year|year[11] ; counter_controller:u_counter_ctrl|year_counter:my_year|year[5]    ; clk_50MHz    ; clk_50MHz   ; 1.000        ; 0.148      ; 5.863      ;
; -4.728 ; counter_controller:u_counter_ctrl|year_counter:my_year|year[11] ; counter_controller:u_counter_ctrl|year_counter:my_year|year[6]    ; clk_50MHz    ; clk_50MHz   ; 1.000        ; 0.148      ; 5.863      ;
; -4.728 ; counter_controller:u_counter_ctrl|year_counter:my_year|year[11] ; counter_controller:u_counter_ctrl|year_counter:my_year|year[7]    ; clk_50MHz    ; clk_50MHz   ; 1.000        ; 0.148      ; 5.863      ;
; -4.728 ; counter_controller:u_counter_ctrl|year_counter:my_year|year[11] ; counter_controller:u_counter_ctrl|year_counter:my_year|year[8]    ; clk_50MHz    ; clk_50MHz   ; 1.000        ; 0.148      ; 5.863      ;
; -4.727 ; counter_controller:u_counter_ctrl|year_counter:my_year|year[7]  ; counter_controller:u_counter_ctrl|month_counter:my_month|month[3] ; clk_50MHz    ; clk_50MHz   ; 1.000        ; -0.251     ; 5.463      ;
; -4.725 ; counter_controller:u_counter_ctrl|year_counter:my_year|year[10] ; counter_controller:u_counter_ctrl|year_counter:my_year|year[1]    ; clk_50MHz    ; clk_50MHz   ; 1.000        ; 0.148      ; 5.860      ;
; -4.725 ; counter_controller:u_counter_ctrl|year_counter:my_year|year[10] ; counter_controller:u_counter_ctrl|year_counter:my_year|ones[0]    ; clk_50MHz    ; clk_50MHz   ; 1.000        ; 0.148      ; 5.860      ;
; -4.725 ; counter_controller:u_counter_ctrl|year_counter:my_year|year[10] ; counter_controller:u_counter_ctrl|year_counter:my_year|year[3]    ; clk_50MHz    ; clk_50MHz   ; 1.000        ; 0.148      ; 5.860      ;
; -4.725 ; counter_controller:u_counter_ctrl|year_counter:my_year|year[10] ; counter_controller:u_counter_ctrl|year_counter:my_year|year[2]    ; clk_50MHz    ; clk_50MHz   ; 1.000        ; 0.148      ; 5.860      ;
+--------+-----------------------------------------------------------------+-------------------------------------------------------------------+--------------+-------------+--------------+------------+------------+


+---------------------------------------------------------------------------------------------------------------------------------------------------------------------------------------------------------------------+
; Fast 1200mV 0C Model Hold: 'clk_50MHz'                                                                                                                                                                              ;
+-------+-------------------------------------------------------------------+-------------------------------------------------------------------+--------------+-------------+--------------+------------+------------+
; Slack ; From Node                                                         ; To Node                                                           ; Launch Clock ; Latch Clock ; Relationship ; Clock Skew ; Data Delay ;
+-------+-------------------------------------------------------------------+-------------------------------------------------------------------+--------------+-------------+--------------+------------+------------+
; 0.182 ; clock_divider:u_clk_div|counter_blink[1]                          ; clock_divider:u_clk_div|counter_blink[1]                          ; clk_50MHz    ; clk_50MHz   ; 0.000        ; 0.041      ; 0.307      ;
; 0.182 ; counter_controller:u_counter_ctrl|month_counter:my_month|month[0] ; counter_controller:u_counter_ctrl|month_counter:my_month|month[0] ; clk_50MHz    ; clk_50MHz   ; 0.000        ; 0.041      ; 0.307      ;
; 0.182 ; btn_handler:u_btn_down|stable_cnt[2]                              ; btn_handler:u_btn_down|stable_cnt[2]                              ; clk_50MHz    ; clk_50MHz   ; 0.000        ; 0.041      ; 0.307      ;
; 0.182 ; btn_handler:u_btn_down|stable_cnt[1]                              ; btn_handler:u_btn_down|stable_cnt[1]                              ; clk_50MHz    ; clk_50MHz   ; 0.000        ; 0.041      ; 0.307      ;
; 0.182 ; btn_handler:u_btn_down|stable_cnt[3]                              ; btn_handler:u_btn_down|stable_cnt[3]                              ; clk_50MHz    ; clk_50MHz   ; 0.000        ; 0.041      ; 0.307      ;
; 0.183 ; blink_selector:u_blink_sel|blink_state                            ; blink_selector:u_blink_sel|blink_state                            ; clk_50MHz    ; clk_50MHz   ; 0.000        ; 0.040      ; 0.307      ;
; 0.183 ; btn_handler:u_btn_down|btn_debounced                              ; btn_handler:u_btn_down|btn_debounced                              ; clk_50MHz    ; clk_50MHz   ; 0.000        ; 0.040      ; 0.307      ;
; 0.183 ; btn_handler:u_btn_up|stable_cnt[1]                                ; btn_handler:u_btn_up|stable_cnt[1]                                ; clk_50MHz    ; clk_50MHz   ; 0.000        ; 0.040      ; 0.307      ;
; 0.183 ; btn_handler:u_btn_up|stable_cnt[2]                                ; btn_handler:u_btn_up|stable_cnt[2]                                ; clk_50MHz    ; clk_50MHz   ; 0.000        ; 0.040      ; 0.307      ;
; 0.183 ; btn_handler:u_btn_up|stable_cnt[3]                                ; btn_handler:u_btn_up|stable_cnt[3]                                ; clk_50MHz    ; clk_50MHz   ; 0.000        ; 0.040      ; 0.307      ;
; 0.183 ; btn_handler:u_btn_up|btn_debounced                                ; btn_handler:u_btn_up|btn_debounced                                ; clk_50MHz    ; clk_50MHz   ; 0.000        ; 0.040      ; 0.307      ;
; 0.189 ; btn_handler:u_btn_down|stable_cnt[0]                              ; btn_handler:u_btn_down|stable_cnt[0]                              ; clk_50MHz    ; clk_50MHz   ; 0.000        ; 0.041      ; 0.314      ;
; 0.190 ; btn_handler:u_btn_up|stable_cnt[0]                                ; btn_handler:u_btn_up|stable_cnt[0]                                ; clk_50MHz    ; clk_50MHz   ; 0.000        ; 0.040      ; 0.314      ;
; 0.195 ; btn_handler:u_btn_down|stable_cnt[2]                              ; btn_handler:u_btn_down|stable_cnt[3]                              ; clk_50MHz    ; clk_50MHz   ; 0.000        ; 0.041      ; 0.320      ;
; 0.200 ; btn_handler:u_btn_up|stable_cnt[0]                                ; btn_handler:u_btn_up|stable_cnt[2]                                ; clk_50MHz    ; clk_50MHz   ; 0.000        ; 0.040      ; 0.324      ;
; 0.204 ; btn_handler:u_btn_up|stable_cnt[0]                                ; btn_handler:u_btn_up|stable_cnt[1]                                ; clk_50MHz    ; clk_50MHz   ; 0.000        ; 0.040      ; 0.328      ;
; 0.207 ; btn_handler:u_btn_down|btn_debounced                              ; btn_handler:u_btn_down|btn_edge                                   ; clk_50MHz    ; clk_50MHz   ; 0.000        ; 0.040      ; 0.331      ;
; 0.210 ; clock_divider:u_clk_div|counter_blink[2]                          ; clock_divider:u_clk_div|counter_blink[5]                          ; clk_50MHz    ; clk_50MHz   ; 0.000        ; 0.041      ; 0.335      ;
; 0.210 ; clock_divider:u_clk_div|counter_blink[2]                          ; clock_divider:u_clk_div|counter_blink[1]                          ; clk_50MHz    ; clk_50MHz   ; 0.000        ; 0.041      ; 0.335      ;
; 0.248 ; btn_handler:u_btn_down|btn_sync1                                  ; btn_handler:u_btn_down|btn_sync2                                  ; clk_50MHz    ; clk_50MHz   ; 0.000        ; 0.041      ; 0.373      ;
; 0.260 ; btn_handler:u_btn_up|btn_debounced                                ; btn_handler:u_btn_up|btn_debounced_d                              ; clk_50MHz    ; clk_50MHz   ; 0.000        ; 0.040      ; 0.384      ;
; 0.260 ; clock_divider:u_clk_div|counter_blink[1]                          ; clock_divider:u_clk_div|counter_blink[5]                          ; clk_50MHz    ; clk_50MHz   ; 0.000        ; 0.041      ; 0.385      ;
; 0.261 ; clock_divider:u_clk_div|counter_blink[1]                          ; clock_divider:u_clk_div|counter_blink[4]                          ; clk_50MHz    ; clk_50MHz   ; 0.000        ; 0.041      ; 0.386      ;
; 0.262 ; clock_divider:u_clk_div|counter_blink[1]                          ; clock_divider:u_clk_div|tick_blink                                ; clk_50MHz    ; clk_50MHz   ; 0.000        ; 0.041      ; 0.387      ;
; 0.292 ; clock_divider:u_clk_div|counter_100hz[7]                          ; clock_divider:u_clk_div|counter_100hz[7]                          ; clk_50MHz    ; clk_50MHz   ; 0.000        ; 0.041      ; 0.417      ;
; 0.293 ; clock_divider:u_clk_div|counter_1hz[4]                            ; clock_divider:u_clk_div|counter_1hz[4]                            ; clk_50MHz    ; clk_50MHz   ; 0.000        ; 0.041      ; 0.418      ;
; 0.293 ; clock_divider:u_clk_div|counter_100hz[6]                          ; clock_divider:u_clk_div|counter_100hz[6]                          ; clk_50MHz    ; clk_50MHz   ; 0.000        ; 0.041      ; 0.418      ;
; 0.294 ; clock_divider:u_clk_div|counter_1hz[3]                            ; clock_divider:u_clk_div|counter_1hz[3]                            ; clk_50MHz    ; clk_50MHz   ; 0.000        ; 0.041      ; 0.419      ;
; 0.294 ; clock_divider:u_clk_div|counter_1hz[1]                            ; clock_divider:u_clk_div|counter_1hz[1]                            ; clk_50MHz    ; clk_50MHz   ; 0.000        ; 0.041      ; 0.419      ;
; 0.294 ; clock_divider:u_clk_div|counter_100hz[4]                          ; clock_divider:u_clk_div|counter_100hz[4]                          ; clk_50MHz    ; clk_50MHz   ; 0.000        ; 0.041      ; 0.419      ;
; 0.294 ; clock_divider:u_clk_div|counter_100hz[3]                          ; clock_divider:u_clk_div|counter_100hz[3]                          ; clk_50MHz    ; clk_50MHz   ; 0.000        ; 0.041      ; 0.419      ;
; 0.294 ; clock_divider:u_clk_div|counter_100hz[2]                          ; clock_divider:u_clk_div|counter_100hz[2]                          ; clk_50MHz    ; clk_50MHz   ; 0.000        ; 0.041      ; 0.419      ;
; 0.294 ; clock_divider:u_clk_div|counter_100hz[1]                          ; clock_divider:u_clk_div|counter_100hz[1]                          ; clk_50MHz    ; clk_50MHz   ; 0.000        ; 0.041      ; 0.419      ;
; 0.295 ; clock_divider:u_clk_div|counter_blink[3]                          ; clock_divider:u_clk_div|counter_blink[3]                          ; clk_50MHz    ; clk_50MHz   ; 0.000        ; 0.041      ; 0.420      ;
; 0.296 ; btn_handler:u_btn_up|stable_cnt[2]                                ; btn_handler:u_btn_up|stable_cnt[3]                                ; clk_50MHz    ; clk_50MHz   ; 0.000        ; 0.040      ; 0.420      ;
; 0.300 ; clock_divider:u_clk_div|counter_100hz[11]                         ; clock_divider:u_clk_div|counter_100hz[11]                         ; clk_50MHz    ; clk_50MHz   ; 0.000        ; 0.041      ; 0.425      ;
; 0.300 ; clock_divider:u_clk_div|counter_100hz[9]                          ; clock_divider:u_clk_div|counter_100hz[9]                          ; clk_50MHz    ; clk_50MHz   ; 0.000        ; 0.041      ; 0.425      ;
; 0.301 ; clock_divider:u_clk_div|counter_100hz[14]                         ; clock_divider:u_clk_div|counter_100hz[14]                         ; clk_50MHz    ; clk_50MHz   ; 0.000        ; 0.041      ; 0.426      ;
; 0.301 ; clock_divider:u_clk_div|counter_100hz[12]                         ; clock_divider:u_clk_div|counter_100hz[12]                         ; clk_50MHz    ; clk_50MHz   ; 0.000        ; 0.041      ; 0.426      ;
; 0.301 ; clock_divider:u_clk_div|counter_100hz[10]                         ; clock_divider:u_clk_div|counter_100hz[10]                         ; clk_50MHz    ; clk_50MHz   ; 0.000        ; 0.041      ; 0.426      ;
; 0.301 ; btn_handler:u_btn_up|stable_cnt[1]                                ; btn_handler:u_btn_up|stable_cnt[2]                                ; clk_50MHz    ; clk_50MHz   ; 0.000        ; 0.040      ; 0.425      ;
; 0.302 ; btn_handler:u_btn_up|btn_sync2                                    ; btn_handler:u_btn_up|btn_debounced                                ; clk_50MHz    ; clk_50MHz   ; 0.000        ; 0.040      ; 0.426      ;
; 0.304 ; clock_divider:u_clk_div|counter_blink[2]                          ; clock_divider:u_clk_div|counter_blink[2]                          ; clk_50MHz    ; clk_50MHz   ; 0.000        ; 0.041      ; 0.429      ;
; 0.304 ; btn_handler:u_btn_down|stable_cnt[0]                              ; btn_handler:u_btn_down|stable_cnt[2]                              ; clk_50MHz    ; clk_50MHz   ; 0.000        ; 0.041      ; 0.429      ;
; 0.304 ; btn_handler:u_btn_down|btn_debounced_d                            ; btn_handler:u_btn_down|btn_edge                                   ; clk_50MHz    ; clk_50MHz   ; 0.000        ; 0.040      ; 0.428      ;
; 0.306 ; clock_divider:u_clk_div|counter_100hz[0]                          ; clock_divider:u_clk_div|counter_100hz[0]                          ; clk_50MHz    ; clk_50MHz   ; 0.000        ; 0.041      ; 0.431      ;
; 0.306 ; btn_handler:u_btn_down|stable_cnt[0]                              ; btn_handler:u_btn_down|stable_cnt[1]                              ; clk_50MHz    ; clk_50MHz   ; 0.000        ; 0.041      ; 0.431      ;
; 0.307 ; btn_handler:u_btn_down|btn_debounced                              ; btn_handler:u_btn_down|btn_debounced_d                            ; clk_50MHz    ; clk_50MHz   ; 0.000        ; 0.040      ; 0.431      ;
; 0.312 ; clock_divider:u_clk_div|counter_blink[2]                          ; clock_divider:u_clk_div|counter_blink[4]                          ; clk_50MHz    ; clk_50MHz   ; 0.000        ; 0.041      ; 0.437      ;
; 0.315 ; counter_controller:u_counter_ctrl|month_counter:my_month|month[2] ; counter_controller:u_counter_ctrl|month_counter:my_month|month[2] ; clk_50MHz    ; clk_50MHz   ; 0.000        ; 0.041      ; 0.440      ;
; 0.317 ; clock_divider:u_clk_div|counter_1hz[0]                            ; clock_divider:u_clk_div|counter_1hz[0]                            ; clk_50MHz    ; clk_50MHz   ; 0.000        ; 0.041      ; 0.442      ;
; 0.320 ; counter_controller:u_counter_ctrl|month_counter:my_month|month[3] ; counter_controller:u_counter_ctrl|month_counter:my_month|month[3] ; clk_50MHz    ; clk_50MHz   ; 0.000        ; 0.041      ; 0.445      ;
; 0.332 ; btn_handler:u_btn_up|btn_sync1                                    ; btn_handler:u_btn_up|btn_sync2                                    ; clk_50MHz    ; clk_50MHz   ; 0.000        ; 0.040      ; 0.456      ;
; 0.332 ; clock_divider:u_clk_div|counter_blink[2]                          ; clock_divider:u_clk_div|tick_blink                                ; clk_50MHz    ; clk_50MHz   ; 0.000        ; 0.041      ; 0.457      ;
; 0.364 ; btn_handler:u_btn_down|btn_sync2                                  ; btn_handler:u_btn_down|stable_cnt[1]                              ; clk_50MHz    ; clk_50MHz   ; 0.000        ; 0.041      ; 0.489      ;
; 0.366 ; btn_handler:u_btn_down|btn_sync2                                  ; btn_handler:u_btn_down|stable_cnt[2]                              ; clk_50MHz    ; clk_50MHz   ; 0.000        ; 0.041      ; 0.491      ;
; 0.367 ; clock_divider:u_clk_div|counter_100hz[2]                          ; clock_divider:u_clk_div|tick_100hz                                ; clk_50MHz    ; clk_50MHz   ; 0.000        ; 0.041      ; 0.492      ;
; 0.367 ; btn_handler:u_btn_down|btn_sync2                                  ; btn_handler:u_btn_down|stable_cnt[0]                              ; clk_50MHz    ; clk_50MHz   ; 0.000        ; 0.041      ; 0.492      ;
; 0.369 ; clock_divider:u_clk_div|counter_100hz[2]                          ; clock_divider:u_clk_div|counter_100hz[5]                          ; clk_50MHz    ; clk_50MHz   ; 0.000        ; 0.041      ; 0.494      ;
; 0.369 ; btn_handler:u_btn_down|stable_cnt[1]                              ; btn_handler:u_btn_down|stable_cnt[2]                              ; clk_50MHz    ; clk_50MHz   ; 0.000        ; 0.041      ; 0.494      ;
; 0.370 ; clock_divider:u_clk_div|counter_100hz[2]                          ; clock_divider:u_clk_div|counter_100hz[8]                          ; clk_50MHz    ; clk_50MHz   ; 0.000        ; 0.041      ; 0.495      ;
; 0.371 ; counter_controller:u_counter_ctrl|month_counter:my_month|month[1] ; counter_controller:u_counter_ctrl|month_counter:my_month|month[1] ; clk_50MHz    ; clk_50MHz   ; 0.000        ; 0.041      ; 0.496      ;
; 0.391 ; btn_handler:u_btn_down|btn_sync2                                  ; btn_handler:u_btn_down|btn_debounced                              ; clk_50MHz    ; clk_50MHz   ; 0.000        ; 0.040      ; 0.515      ;
; 0.407 ; clock_divider:u_clk_div|counter_1hz[6]                            ; clock_divider:u_clk_div|counter_1hz[6]                            ; clk_50MHz    ; clk_50MHz   ; 0.000        ; 0.041      ; 0.532      ;
; 0.423 ; btn_handler:u_btn_up|btn_debounced                                ; btn_handler:u_btn_up|stable_cnt[3]                                ; clk_50MHz    ; clk_50MHz   ; 0.000        ; 0.040      ; 0.547      ;
; 0.423 ; btn_handler:u_btn_up|btn_debounced                                ; btn_handler:u_btn_up|stable_cnt[0]                                ; clk_50MHz    ; clk_50MHz   ; 0.000        ; 0.040      ; 0.547      ;
; 0.425 ; clock_divider:u_clk_div|counter_100hz[0]                          ; clock_divider:u_clk_div|tick_100hz                                ; clk_50MHz    ; clk_50MHz   ; 0.000        ; 0.041      ; 0.550      ;
; 0.427 ; clock_divider:u_clk_div|counter_100hz[0]                          ; clock_divider:u_clk_div|counter_100hz[5]                          ; clk_50MHz    ; clk_50MHz   ; 0.000        ; 0.041      ; 0.552      ;
; 0.428 ; clock_divider:u_clk_div|counter_100hz[0]                          ; clock_divider:u_clk_div|counter_100hz[8]                          ; clk_50MHz    ; clk_50MHz   ; 0.000        ; 0.041      ; 0.553      ;
; 0.436 ; clock_divider:u_clk_div|counter_1hz[0]                            ; clock_divider:u_clk_div|counter_1hz[5]                            ; clk_50MHz    ; clk_50MHz   ; 0.000        ; 0.041      ; 0.561      ;
; 0.443 ; clock_divider:u_clk_div|counter_1hz[3]                            ; clock_divider:u_clk_div|counter_1hz[4]                            ; clk_50MHz    ; clk_50MHz   ; 0.000        ; 0.041      ; 0.568      ;
; 0.443 ; clock_divider:u_clk_div|counter_100hz[3]                          ; clock_divider:u_clk_div|counter_100hz[4]                          ; clk_50MHz    ; clk_50MHz   ; 0.000        ; 0.041      ; 0.568      ;
; 0.443 ; clock_divider:u_clk_div|counter_100hz[1]                          ; clock_divider:u_clk_div|counter_100hz[2]                          ; clk_50MHz    ; clk_50MHz   ; 0.000        ; 0.041      ; 0.568      ;
; 0.445 ; clock_divider:u_clk_div|counter_100hz[5]                          ; clock_divider:u_clk_div|counter_100hz[6]                          ; clk_50MHz    ; clk_50MHz   ; 0.000        ; 0.041      ; 0.570      ;
; 0.449 ; clock_divider:u_clk_div|counter_100hz[11]                         ; clock_divider:u_clk_div|counter_100hz[12]                         ; clk_50MHz    ; clk_50MHz   ; 0.000        ; 0.041      ; 0.574      ;
; 0.449 ; clock_divider:u_clk_div|counter_100hz[9]                          ; clock_divider:u_clk_div|counter_100hz[10]                         ; clk_50MHz    ; clk_50MHz   ; 0.000        ; 0.041      ; 0.574      ;
; 0.450 ; clock_divider:u_clk_div|counter_blink[5]                          ; clock_divider:u_clk_div|counter_blink[5]                          ; clk_50MHz    ; clk_50MHz   ; 0.000        ; 0.041      ; 0.575      ;
; 0.450 ; clock_divider:u_clk_div|counter_blink[4]                          ; clock_divider:u_clk_div|counter_blink[4]                          ; clk_50MHz    ; clk_50MHz   ; 0.000        ; 0.041      ; 0.575      ;
; 0.451 ; clock_divider:u_clk_div|counter_100hz[6]                          ; clock_divider:u_clk_div|counter_100hz[7]                          ; clk_50MHz    ; clk_50MHz   ; 0.000        ; 0.041      ; 0.576      ;
; 0.451 ; clock_divider:u_clk_div|counter_100hz[13]                         ; clock_divider:u_clk_div|counter_100hz[14]                         ; clk_50MHz    ; clk_50MHz   ; 0.000        ; 0.041      ; 0.576      ;
; 0.452 ; clock_divider:u_clk_div|counter_100hz[2]                          ; clock_divider:u_clk_div|counter_100hz[3]                          ; clk_50MHz    ; clk_50MHz   ; 0.000        ; 0.041      ; 0.577      ;
; 0.453 ; clock_divider:u_clk_div|counter_100hz[0]                          ; clock_divider:u_clk_div|counter_100hz[1]                          ; clk_50MHz    ; clk_50MHz   ; 0.000        ; 0.041      ; 0.578      ;
; 0.453 ; clock_divider:u_clk_div|counter_blink[2]                          ; clock_divider:u_clk_div|counter_blink[3]                          ; clk_50MHz    ; clk_50MHz   ; 0.000        ; 0.041      ; 0.578      ;
; 0.454 ; clock_divider:u_clk_div|counter_1hz[2]                            ; clock_divider:u_clk_div|counter_1hz[3]                            ; clk_50MHz    ; clk_50MHz   ; 0.000        ; 0.041      ; 0.579      ;
; 0.455 ; btn_handler:u_btn_down|stable_cnt[0]                              ; btn_handler:u_btn_down|stable_cnt[3]                              ; clk_50MHz    ; clk_50MHz   ; 0.000        ; 0.041      ; 0.580      ;
; 0.455 ; clock_divider:u_clk_div|counter_100hz[2]                          ; clock_divider:u_clk_div|counter_100hz[4]                          ; clk_50MHz    ; clk_50MHz   ; 0.000        ; 0.041      ; 0.580      ;
; 0.455 ; clock_divider:u_clk_div|counter_100hz[4]                          ; clock_divider:u_clk_div|counter_100hz[6]                          ; clk_50MHz    ; clk_50MHz   ; 0.000        ; 0.041      ; 0.580      ;
; 0.456 ; clock_divider:u_clk_div|counter_100hz[0]                          ; clock_divider:u_clk_div|counter_100hz[2]                          ; clk_50MHz    ; clk_50MHz   ; 0.000        ; 0.041      ; 0.581      ;
; 0.457 ; btn_handler:u_btn_up|stable_cnt[0]                                ; btn_handler:u_btn_up|stable_cnt[3]                                ; clk_50MHz    ; clk_50MHz   ; 0.000        ; 0.040      ; 0.581      ;
; 0.457 ; clock_divider:u_clk_div|counter_1hz[2]                            ; clock_divider:u_clk_div|counter_1hz[4]                            ; clk_50MHz    ; clk_50MHz   ; 0.000        ; 0.041      ; 0.582      ;
; 0.458 ; counter_controller:u_counter_ctrl|day_counter:my_day|day[2]       ; counter_controller:u_counter_ctrl|day_counter:my_day|day[2]       ; clk_50MHz    ; clk_50MHz   ; 0.000        ; 0.048      ; 0.590      ;
; 0.458 ; counter_controller:u_counter_ctrl|day_counter:my_day|day[4]       ; counter_controller:u_counter_ctrl|day_counter:my_day|day[4]       ; clk_50MHz    ; clk_50MHz   ; 0.000        ; 0.048      ; 0.590      ;
; 0.458 ; counter_controller:u_counter_ctrl|hour_counter:my_hr|hour[1]      ; counter_controller:u_counter_ctrl|hour_counter:my_hr|hour[1]      ; clk_50MHz    ; clk_50MHz   ; 0.000        ; 0.040      ; 0.582      ;
; 0.459 ; clock_divider:u_clk_div|counter_100hz[10]                         ; clock_divider:u_clk_div|counter_100hz[11]                         ; clk_50MHz    ; clk_50MHz   ; 0.000        ; 0.041      ; 0.584      ;
; 0.459 ; clock_divider:u_clk_div|counter_100hz[8]                          ; clock_divider:u_clk_div|counter_100hz[9]                          ; clk_50MHz    ; clk_50MHz   ; 0.000        ; 0.037      ; 0.580      ;
; 0.461 ; btn_handler:u_btn_up|btn_sync2                                    ; btn_handler:u_btn_up|stable_cnt[3]                                ; clk_50MHz    ; clk_50MHz   ; 0.000        ; 0.040      ; 0.585      ;
; 0.461 ; btn_handler:u_btn_up|btn_sync2                                    ; btn_handler:u_btn_up|stable_cnt[0]                                ; clk_50MHz    ; clk_50MHz   ; 0.000        ; 0.040      ; 0.585      ;
; 0.462 ; counter_controller:u_counter_ctrl|hour_counter:my_hr|hour[4]      ; counter_controller:u_counter_ctrl|hour_counter:my_hr|hour[4]      ; clk_50MHz    ; clk_50MHz   ; 0.000        ; 0.040      ; 0.586      ;
; 0.462 ; clock_divider:u_clk_div|counter_100hz[10]                         ; clock_divider:u_clk_div|counter_100hz[12]                         ; clk_50MHz    ; clk_50MHz   ; 0.000        ; 0.041      ; 0.587      ;
; 0.462 ; clock_divider:u_clk_div|counter_100hz[8]                          ; clock_divider:u_clk_div|counter_100hz[10]                         ; clk_50MHz    ; clk_50MHz   ; 0.000        ; 0.037      ; 0.583      ;
+-------+-------------------------------------------------------------------+-------------------------------------------------------------------+--------------+-------------+--------------+------------+------------+


----------------------------------------------
; Fast 1200mV 0C Model Metastability Summary ;
----------------------------------------------
No synchronizer chains to report.


+--------------------------------------------------------------------------------+
; Multicorner Timing Analysis Summary                                            ;
+------------------+----------+-------+----------+---------+---------------------+
; Clock            ; Setup    ; Hold  ; Recovery ; Removal ; Minimum Pulse Width ;
+------------------+----------+-------+----------+---------+---------------------+
; Worst-case Slack ; -11.640  ; 0.182 ; N/A      ; N/A     ; -3.000              ;
;  clk_50MHz       ; -11.640  ; 0.182 ; N/A      ; N/A     ; -3.000              ;
; Design-wide TNS  ; -402.816 ; 0.0   ; 0.0      ; 0.0     ; -123.79             ;
;  clk_50MHz       ; -402.816 ; 0.000 ; N/A      ; N/A     ; -123.790            ;
+------------------+----------+-------+----------+---------+---------------------+


+------------------------------------------------------------------------------------------------------------------------------------------------------------------------------------------------------------------------------------------------------------------------------------------------------------------------------------------------------------------------------------------------------------------+
; Board Trace Model Assignments                                                                                                                                                                                                                                                                                                                                                                                    ;
+---------------+--------------+-------------------+-------------------------+-------------------------+---------------+---------------------+----------------+------------------+--------+------------------+------------------------+------------------------+--------------+---------------+-----------------+-------+---------------------+--------------------+---------------+-----------------+-------------+
; Pin           ; I/O Standard ; Near Tline Length ; Near Tline L per Length ; Near Tline C per Length ; Near Series R ; Near Differential R ; Near Pull-up R ; Near Pull-down R ; Near C ; Far Tline Length ; Far Tline L per Length ; Far Tline C per Length ; Far Series R ; Far Pull-up R ; Far Pull-down R ; Far C ; Termination Voltage ; Far Differential R ; EBD File Name ; EBD Signal Name ; EBD Far-end ;
+---------------+--------------+-------------------+-------------------------+-------------------------+---------------+---------------------+----------------+------------------+--------+------------------+------------------------+------------------------+--------------+---------------+-----------------+-------+---------------------+--------------------+---------------+-----------------+-------------+
; SEG0[0]       ; 2.5 V        ; 0 in              ; 0 H/in                  ; 0 F/in                  ; short         ; -                   ; open           ; open             ; open   ; 0 in             ; 0 H/in                 ; 0 F/in                 ; short        ; open          ; open            ; open  ; 0 V                 ; -                  ; n/a           ; n/a             ; n/a         ;
; SEG0[1]       ; 2.5 V        ; 0 in              ; 0 H/in                  ; 0 F/in                  ; short         ; -                   ; open           ; open             ; open   ; 0 in             ; 0 H/in                 ; 0 F/in                 ; short        ; open          ; open            ; open  ; 0 V                 ; -                  ; n/a           ; n/a             ; n/a         ;
; SEG0[2]       ; 2.5 V        ; 0 in              ; 0 H/in                  ; 0 F/in                  ; short         ; -                   ; open           ; open             ; open   ; 0 in             ; 0 H/in                 ; 0 F/in                 ; short        ; open          ; open            ; open  ; 0 V                 ; -                  ; n/a           ; n/a             ; n/a         ;
; SEG0[3]       ; 2.5 V        ; 0 in              ; 0 H/in                  ; 0 F/in                  ; short         ; -                   ; open           ; open             ; open   ; 0 in             ; 0 H/in                 ; 0 F/in                 ; short        ; open          ; open            ; open  ; 0 V                 ; -                  ; n/a           ; n/a             ; n/a         ;
; SEG0[4]       ; 2.5 V        ; 0 in              ; 0 H/in                  ; 0 F/in                  ; short         ; -                   ; open           ; open             ; open   ; 0 in             ; 0 H/in                 ; 0 F/in                 ; short        ; open          ; open            ; open  ; 0 V                 ; -                  ; n/a           ; n/a             ; n/a         ;
; SEG0[5]       ; 2.5 V        ; 0 in              ; 0 H/in                  ; 0 F/in                  ; short         ; -                   ; open           ; open             ; open   ; 0 in             ; 0 H/in                 ; 0 F/in                 ; short        ; open          ; open            ; open  ; 0 V                 ; -                  ; n/a           ; n/a             ; n/a         ;
; SEG0[6]       ; 2.5 V        ; 0 in              ; 0 H/in                  ; 0 F/in                  ; short         ; -                   ; open           ; open             ; open   ; 0 in             ; 0 H/in                 ; 0 F/in                 ; short        ; open          ; open            ; open  ; 0 V                 ; -                  ; n/a           ; n/a             ; n/a         ;
; SEG1[0]       ; 2.5 V        ; 0 in              ; 0 H/in                  ; 0 F/in                  ; short         ; -                   ; open           ; open             ; open   ; 0 in             ; 0 H/in                 ; 0 F/in                 ; short        ; open          ; open            ; open  ; 0 V                 ; -                  ; n/a           ; n/a             ; n/a         ;
; SEG1[1]       ; 2.5 V        ; 0 in              ; 0 H/in                  ; 0 F/in                  ; short         ; -                   ; open           ; open             ; open   ; 0 in             ; 0 H/in                 ; 0 F/in                 ; short        ; open          ; open            ; open  ; 0 V                 ; -                  ; n/a           ; n/a             ; n/a         ;
; SEG1[2]       ; 2.5 V        ; 0 in              ; 0 H/in                  ; 0 F/in                  ; short         ; -                   ; open           ; open             ; open   ; 0 in             ; 0 H/in                 ; 0 F/in                 ; short        ; open          ; open            ; open  ; 0 V                 ; -                  ; n/a           ; n/a             ; n/a         ;
; SEG1[3]       ; 2.5 V        ; 0 in              ; 0 H/in                  ; 0 F/in                  ; short         ; -                   ; open           ; open             ; open   ; 0 in             ; 0 H/in                 ; 0 F/in                 ; short        ; open          ; open            ; open  ; 0 V                 ; -                  ; n/a           ; n/a             ; n/a         ;
; SEG1[4]       ; 2.5 V        ; 0 in              ; 0 H/in                  ; 0 F/in                  ; short         ; -                   ; open           ; open             ; open   ; 0 in             ; 0 H/in                 ; 0 F/in                 ; short        ; open          ; open            ; open  ; 0 V                 ; -                  ; n/a           ; n/a             ; n/a         ;
; SEG1[5]       ; 2.5 V        ; 0 in              ; 0 H/in                  ; 0 F/in                  ; short         ; -                   ; open           ; open             ; open   ; 0 in             ; 0 H/in                 ; 0 F/in                 ; short        ; open          ; open            ; open  ; 0 V                 ; -                  ; n/a           ; n/a             ; n/a         ;
; SEG1[6]       ; 2.5 V        ; 0 in              ; 0 H/in                  ; 0 F/in                  ; short         ; -                   ; open           ; open             ; open   ; 0 in             ; 0 H/in                 ; 0 F/in                 ; short        ; open          ; open            ; open  ; 0 V                 ; -                  ; n/a           ; n/a             ; n/a         ;
; SEG2[0]       ; 2.5 V        ; 0 in              ; 0 H/in                  ; 0 F/in                  ; short         ; -                   ; open           ; open             ; open   ; 0 in             ; 0 H/in                 ; 0 F/in                 ; short        ; open          ; open            ; open  ; 0 V                 ; -                  ; n/a           ; n/a             ; n/a         ;
; SEG2[1]       ; 2.5 V        ; 0 in              ; 0 H/in                  ; 0 F/in                  ; short         ; -                   ; open           ; open             ; open   ; 0 in             ; 0 H/in                 ; 0 F/in                 ; short        ; open          ; open            ; open  ; 0 V                 ; -                  ; n/a           ; n/a             ; n/a         ;
; SEG2[2]       ; 2.5 V        ; 0 in              ; 0 H/in                  ; 0 F/in                  ; short         ; -                   ; open           ; open             ; open   ; 0 in             ; 0 H/in                 ; 0 F/in                 ; short        ; open          ; open            ; open  ; 0 V                 ; -                  ; n/a           ; n/a             ; n/a         ;
; SEG2[3]       ; 2.5 V        ; 0 in              ; 0 H/in                  ; 0 F/in                  ; short         ; -                   ; open           ; open             ; open   ; 0 in             ; 0 H/in                 ; 0 F/in                 ; short        ; open          ; open            ; open  ; 0 V                 ; -                  ; n/a           ; n/a             ; n/a         ;
; SEG2[4]       ; 2.5 V        ; 0 in              ; 0 H/in                  ; 0 F/in                  ; short         ; -                   ; open           ; open             ; open   ; 0 in             ; 0 H/in                 ; 0 F/in                 ; short        ; open          ; open            ; open  ; 0 V                 ; -                  ; n/a           ; n/a             ; n/a         ;
; SEG2[5]       ; 2.5 V        ; 0 in              ; 0 H/in                  ; 0 F/in                  ; short         ; -                   ; open           ; open             ; open   ; 0 in             ; 0 H/in                 ; 0 F/in                 ; short        ; open          ; open            ; open  ; 0 V                 ; -                  ; n/a           ; n/a             ; n/a         ;
; SEG2[6]       ; 2.5 V        ; 0 in              ; 0 H/in                  ; 0 F/in                  ; short         ; -                   ; open           ; open             ; open   ; 0 in             ; 0 H/in                 ; 0 F/in                 ; short        ; open          ; open            ; open  ; 0 V                 ; -                  ; n/a           ; n/a             ; n/a         ;
; SEG3[0]       ; 2.5 V        ; 0 in              ; 0 H/in                  ; 0 F/in                  ; short         ; -                   ; open           ; open             ; open   ; 0 in             ; 0 H/in                 ; 0 F/in                 ; short        ; open          ; open            ; open  ; 0 V                 ; -                  ; n/a           ; n/a             ; n/a         ;
; SEG3[1]       ; 2.5 V        ; 0 in              ; 0 H/in                  ; 0 F/in                  ; short         ; -                   ; open           ; open             ; open   ; 0 in             ; 0 H/in                 ; 0 F/in                 ; short        ; open          ; open            ; open  ; 0 V                 ; -                  ; n/a           ; n/a             ; n/a         ;
; SEG3[2]       ; 2.5 V        ; 0 in              ; 0 H/in                  ; 0 F/in                  ; short         ; -                   ; open           ; open             ; open   ; 0 in             ; 0 H/in                 ; 0 F/in                 ; short        ; open          ; open            ; open  ; 0 V                 ; -                  ; n/a           ; n/a             ; n/a         ;
; SEG3[3]       ; 2.5 V        ; 0 in              ; 0 H/in                  ; 0 F/in                  ; short         ; -                   ; open           ; open             ; open   ; 0 in             ; 0 H/in                 ; 0 F/in                 ; short        ; open          ; open            ; open  ; 0 V                 ; -                  ; n/a           ; n/a             ; n/a         ;
; SEG3[4]       ; 2.5 V        ; 0 in              ; 0 H/in                  ; 0 F/in                  ; short         ; -                   ; open           ; open             ; open   ; 0 in             ; 0 H/in                 ; 0 F/in                 ; short        ; open          ; open            ; open  ; 0 V                 ; -                  ; n/a           ; n/a             ; n/a         ;
; SEG3[5]       ; 2.5 V        ; 0 in              ; 0 H/in                  ; 0 F/in                  ; short         ; -                   ; open           ; open             ; open   ; 0 in             ; 0 H/in                 ; 0 F/in                 ; short        ; open          ; open            ; open  ; 0 V                 ; -                  ; n/a           ; n/a             ; n/a         ;
; SEG3[6]       ; 2.5 V        ; 0 in              ; 0 H/in                  ; 0 F/in                  ; short         ; -                   ; open           ; open             ; open   ; 0 in             ; 0 H/in                 ; 0 F/in                 ; short        ; open          ; open            ; open  ; 0 V                 ; -                  ; n/a           ; n/a             ; n/a         ;
; SEG4[0]       ; 2.5 V        ; 0 in              ; 0 H/in                  ; 0 F/in                  ; short         ; -                   ; open           ; open             ; open   ; 0 in             ; 0 H/in                 ; 0 F/in                 ; short        ; open          ; open            ; open  ; 0 V                 ; -                  ; n/a           ; n/a             ; n/a         ;
; SEG4[1]       ; 2.5 V        ; 0 in              ; 0 H/in                  ; 0 F/in                  ; short         ; -                   ; open           ; open             ; open   ; 0 in             ; 0 H/in                 ; 0 F/in                 ; short        ; open          ; open            ; open  ; 0 V                 ; -                  ; n/a           ; n/a             ; n/a         ;
; SEG4[2]       ; 2.5 V        ; 0 in              ; 0 H/in                  ; 0 F/in                  ; short         ; -                   ; open           ; open             ; open   ; 0 in             ; 0 H/in                 ; 0 F/in                 ; short        ; open          ; open            ; open  ; 0 V                 ; -                  ; n/a           ; n/a             ; n/a         ;
; SEG4[3]       ; 2.5 V        ; 0 in              ; 0 H/in                  ; 0 F/in                  ; short         ; -                   ; open           ; open             ; open   ; 0 in             ; 0 H/in                 ; 0 F/in                 ; short        ; open          ; open            ; open  ; 0 V                 ; -                  ; n/a           ; n/a             ; n/a         ;
; SEG4[4]       ; 2.5 V        ; 0 in              ; 0 H/in                  ; 0 F/in                  ; short         ; -                   ; open           ; open             ; open   ; 0 in             ; 0 H/in                 ; 0 F/in                 ; short        ; open          ; open            ; open  ; 0 V                 ; -                  ; n/a           ; n/a             ; n/a         ;
; SEG4[5]       ; 2.5 V        ; 0 in              ; 0 H/in                  ; 0 F/in                  ; short         ; -                   ; open           ; open             ; open   ; 0 in             ; 0 H/in                 ; 0 F/in                 ; short        ; open          ; open            ; open  ; 0 V                 ; -                  ; n/a           ; n/a             ; n/a         ;
; SEG4[6]       ; 2.5 V        ; 0 in              ; 0 H/in                  ; 0 F/in                  ; short         ; -                   ; open           ; open             ; open   ; 0 in             ; 0 H/in                 ; 0 F/in                 ; short        ; open          ; open            ; open  ; 0 V                 ; -                  ; n/a           ; n/a             ; n/a         ;
; SEG5[0]       ; 2.5 V        ; 0 in              ; 0 H/in                  ; 0 F/in                  ; short         ; -                   ; open           ; open             ; open   ; 0 in             ; 0 H/in                 ; 0 F/in                 ; short        ; open          ; open            ; open  ; 0 V                 ; -                  ; n/a           ; n/a             ; n/a         ;
; SEG5[1]       ; 2.5 V        ; 0 in              ; 0 H/in                  ; 0 F/in                  ; short         ; -                   ; open           ; open             ; open   ; 0 in             ; 0 H/in                 ; 0 F/in                 ; short        ; open          ; open            ; open  ; 0 V                 ; -                  ; n/a           ; n/a             ; n/a         ;
; SEG5[2]       ; 2.5 V        ; 0 in              ; 0 H/in                  ; 0 F/in                  ; short         ; -                   ; open           ; open             ; open   ; 0 in             ; 0 H/in                 ; 0 F/in                 ; short        ; open          ; open            ; open  ; 0 V                 ; -                  ; n/a           ; n/a             ; n/a         ;
; SEG5[3]       ; 2.5 V        ; 0 in              ; 0 H/in                  ; 0 F/in                  ; short         ; -                   ; open           ; open             ; open   ; 0 in             ; 0 H/in                 ; 0 F/in                 ; short        ; open          ; open            ; open  ; 0 V                 ; -                  ; n/a           ; n/a             ; n/a         ;
; SEG5[4]       ; 2.5 V        ; 0 in              ; 0 H/in                  ; 0 F/in                  ; short         ; -                   ; open           ; open             ; open   ; 0 in             ; 0 H/in                 ; 0 F/in                 ; short        ; open          ; open            ; open  ; 0 V                 ; -                  ; n/a           ; n/a             ; n/a         ;
; SEG5[5]       ; 2.5 V        ; 0 in              ; 0 H/in                  ; 0 F/in                  ; short         ; -                   ; open           ; open             ; open   ; 0 in             ; 0 H/in                 ; 0 F/in                 ; short        ; open          ; open            ; open  ; 0 V                 ; -                  ; n/a           ; n/a             ; n/a         ;
; SEG5[6]       ; 2.5 V        ; 0 in              ; 0 H/in                  ; 0 F/in                  ; short         ; -                   ; open           ; open             ; open   ; 0 in             ; 0 H/in                 ; 0 F/in                 ; short        ; open          ; open            ; open  ; 0 V                 ; -                  ; n/a           ; n/a             ; n/a         ;
; SEG6[0]       ; 2.5 V        ; 0 in              ; 0 H/in                  ; 0 F/in                  ; short         ; -                   ; open           ; open             ; open   ; 0 in             ; 0 H/in                 ; 0 F/in                 ; short        ; open          ; open            ; open  ; 0 V                 ; -                  ; n/a           ; n/a             ; n/a         ;
; SEG6[1]       ; 2.5 V        ; 0 in              ; 0 H/in                  ; 0 F/in                  ; short         ; -                   ; open           ; open             ; open   ; 0 in             ; 0 H/in                 ; 0 F/in                 ; short        ; open          ; open            ; open  ; 0 V                 ; -                  ; n/a           ; n/a             ; n/a         ;
; SEG6[2]       ; 2.5 V        ; 0 in              ; 0 H/in                  ; 0 F/in                  ; short         ; -                   ; open           ; open             ; open   ; 0 in             ; 0 H/in                 ; 0 F/in                 ; short        ; open          ; open            ; open  ; 0 V                 ; -                  ; n/a           ; n/a             ; n/a         ;
; SEG6[3]       ; 2.5 V        ; 0 in              ; 0 H/in                  ; 0 F/in                  ; short         ; -                   ; open           ; open             ; open   ; 0 in             ; 0 H/in                 ; 0 F/in                 ; short        ; open          ; open            ; open  ; 0 V                 ; -                  ; n/a           ; n/a             ; n/a         ;
; SEG6[4]       ; 2.5 V        ; 0 in              ; 0 H/in                  ; 0 F/in                  ; short         ; -                   ; open           ; open             ; open   ; 0 in             ; 0 H/in                 ; 0 F/in                 ; short        ; open          ; open            ; open  ; 0 V                 ; -                  ; n/a           ; n/a             ; n/a         ;
; SEG6[5]       ; 2.5 V        ; 0 in              ; 0 H/in                  ; 0 F/in                  ; short         ; -                   ; open           ; open             ; open   ; 0 in             ; 0 H/in                 ; 0 F/in                 ; short        ; open          ; open            ; open  ; 0 V                 ; -                  ; n/a           ; n/a             ; n/a         ;
; SEG6[6]       ; 2.5 V        ; 0 in              ; 0 H/in                  ; 0 F/in                  ; short         ; -                   ; open           ; open             ; open   ; 0 in             ; 0 H/in                 ; 0 F/in                 ; short        ; open          ; open            ; open  ; 0 V                 ; -                  ; n/a           ; n/a             ; n/a         ;
; SEG7[0]       ; 2.5 V        ; 0 in              ; 0 H/in                  ; 0 F/in                  ; short         ; -                   ; open           ; open             ; open   ; 0 in             ; 0 H/in                 ; 0 F/in                 ; short        ; open          ; open            ; open  ; 0 V                 ; -                  ; n/a           ; n/a             ; n/a         ;
; SEG7[1]       ; 2.5 V        ; 0 in              ; 0 H/in                  ; 0 F/in                  ; short         ; -                   ; open           ; open             ; open   ; 0 in             ; 0 H/in                 ; 0 F/in                 ; short        ; open          ; open            ; open  ; 0 V                 ; -                  ; n/a           ; n/a             ; n/a         ;
; SEG7[2]       ; 2.5 V        ; 0 in              ; 0 H/in                  ; 0 F/in                  ; short         ; -                   ; open           ; open             ; open   ; 0 in             ; 0 H/in                 ; 0 F/in                 ; short        ; open          ; open            ; open  ; 0 V                 ; -                  ; n/a           ; n/a             ; n/a         ;
; SEG7[3]       ; 2.5 V        ; 0 in              ; 0 H/in                  ; 0 F/in                  ; short         ; -                   ; open           ; open             ; open   ; 0 in             ; 0 H/in                 ; 0 F/in                 ; short        ; open          ; open            ; open  ; 0 V                 ; -                  ; n/a           ; n/a             ; n/a         ;
; SEG7[4]       ; 2.5 V        ; 0 in              ; 0 H/in                  ; 0 F/in                  ; short         ; -                   ; open           ; open             ; open   ; 0 in             ; 0 H/in                 ; 0 F/in                 ; short        ; open          ; open            ; open  ; 0 V                 ; -                  ; n/a           ; n/a             ; n/a         ;
; SEG7[5]       ; 2.5 V        ; 0 in              ; 0 H/in                  ; 0 F/in                  ; short         ; -                   ; open           ; open             ; open   ; 0 in             ; 0 H/in                 ; 0 F/in                 ; short        ; open          ; open            ; open  ; 0 V                 ; -                  ; n/a           ; n/a             ; n/a         ;
; SEG7[6]       ; 2.5 V        ; 0 in              ; 0 H/in                  ; 0 F/in                  ; short         ; -                   ; open           ; open             ; open   ; 0 in             ; 0 H/in                 ; 0 F/in                 ; short        ; open          ; open            ; open  ; 0 V                 ; -                  ; n/a           ; n/a             ; n/a         ;
; ~ALTERA_DCLK~ ; 2.5 V        ; 0 in              ; 0 H/in                  ; 0 F/in                  ; short         ; -                   ; open           ; open             ; open   ; 0 in             ; 0 H/in                 ; 0 F/in                 ; short        ; open          ; open            ; open  ; 0 V                 ; -                  ; n/a           ; n/a             ; n/a         ;
; ~ALTERA_nCEO~ ; 2.5 V        ; 0 in              ; 0 H/in                  ; 0 F/in                  ; short         ; -                   ; open           ; open             ; open   ; 0 in             ; 0 H/in                 ; 0 F/in                 ; short        ; open          ; open            ; open  ; 0 V                 ; -                  ; n/a           ; n/a             ; n/a         ;
+---------------+--------------+-------------------+-------------------------+-------------------------+---------------+---------------------+----------------+------------------+--------+------------------+------------------------+------------------------+--------------+---------------+-----------------+-------+---------------------+--------------------+---------------+-----------------+-------------+


+----------------------------------------------------------------------------+
; Input Transition Times                                                     ;
+-------------------------+--------------+-----------------+-----------------+
; Pin                     ; I/O Standard ; 10-90 Rise Time ; 90-10 Fall Time ;
+-------------------------+--------------+-----------------+-----------------+
; SW[5]                   ; 2.5 V        ; 2000 ps         ; 2000 ps         ;
; SW[0]                   ; 2.5 V        ; 2000 ps         ; 2000 ps         ;
; SW[1]                   ; 2.5 V        ; 2000 ps         ; 2000 ps         ;
; SW[2]                   ; 2.5 V        ; 2000 ps         ; 2000 ps         ;
; SW[4]                   ; 2.5 V        ; 2000 ps         ; 2000 ps         ;
; SW[3]                   ; 2.5 V        ; 2000 ps         ; 2000 ps         ;
; clk_50MHz               ; 2.5 V        ; 2000 ps         ; 2000 ps         ;
; rst_n                   ; 2.5 V        ; 2000 ps         ; 2000 ps         ;
; BTN1                    ; 2.5 V        ; 2000 ps         ; 2000 ps         ;
; BTN2                    ; 2.5 V        ; 2000 ps         ; 2000 ps         ;
; ~ALTERA_ASDO_DATA1~     ; 2.5 V        ; 2000 ps         ; 2000 ps         ;
; ~ALTERA_FLASH_nCE_nCSO~ ; 2.5 V        ; 2000 ps         ; 2000 ps         ;
; ~ALTERA_DATA0~          ; 2.5 V        ; 2000 ps         ; 2000 ps         ;
+-------------------------+--------------+-----------------+-----------------+


+--------------------------------------------------------------------------------------------------------------------------------------------------------------------------------------------------------------------------------------------------------------------------------------------------------------------------------------------------------------------------------------------------------------------------------------------------------------------------------------------------------------------------------------------------------------------------------------------------------------------------------------------------------------------------------------------+
; Signal Integrity Metrics (Slow 1200mv 0c Model)                                                                                                                                                                                                                                                                                                                                                                                                                                                                                                                                                                                                                                            ;
+---------------+--------------+---------------------+---------------------+------------------------------+------------------------------+---------------------+---------------------+--------------------------------------+--------------------------------------+-----------------------------+-----------------------------+----------------------------+----------------------------+-----------------------------+-----------------------------+--------------------+--------------------+-------------------------------------+-------------------------------------+----------------------------+----------------------------+---------------------------+---------------------------+
; Pin           ; I/O Standard ; Board Delay on Rise ; Board Delay on Fall ; Steady State Voh at FPGA Pin ; Steady State Vol at FPGA Pin ; Voh Max at FPGA Pin ; Vol Min at FPGA Pin ; Ringback Voltage on Rise at FPGA Pin ; Ringback Voltage on Fall at FPGA Pin ; 10-90 Rise Time at FPGA Pin ; 90-10 Fall Time at FPGA Pin ; Monotonic Rise at FPGA Pin ; Monotonic Fall at FPGA Pin ; Steady State Voh at Far-end ; Steady State Vol at Far-end ; Voh Max at Far-end ; Vol Min at Far-end ; Ringback Voltage on Rise at Far-end ; Ringback Voltage on Fall at Far-end ; 10-90 Rise Time at Far-end ; 90-10 Fall Time at Far-end ; Monotonic Rise at Far-end ; Monotonic Fall at Far-end ;
+---------------+--------------+---------------------+---------------------+------------------------------+------------------------------+---------------------+---------------------+--------------------------------------+--------------------------------------+-----------------------------+-----------------------------+----------------------------+----------------------------+-----------------------------+-----------------------------+--------------------+--------------------+-------------------------------------+-------------------------------------+----------------------------+----------------------------+---------------------------+---------------------------+
; SEG0[0]       ; 2.5 V        ; 0 s                 ; 0 s                 ; 2.32 V                       ; 4.49e-09 V                   ; 2.38 V              ; -0.00552 V          ; 0.096 V                              ; 0.019 V                              ; 4.18e-10 s                  ; 3.59e-10 s                  ; No                         ; Yes                        ; 2.32 V                      ; 4.49e-09 V                  ; 2.38 V             ; -0.00552 V         ; 0.096 V                             ; 0.019 V                             ; 4.18e-10 s                 ; 3.59e-10 s                 ; No                        ; Yes                       ;
; SEG0[1]       ; 2.5 V        ; 0 s                 ; 0 s                 ; 2.32 V                       ; 4.49e-09 V                   ; 2.33 V              ; -0.00467 V          ; 0.226 V                              ; 0.087 V                              ; 2.91e-09 s                  ; 2.74e-09 s                  ; Yes                        ; Yes                        ; 2.32 V                      ; 4.49e-09 V                  ; 2.33 V             ; -0.00467 V         ; 0.226 V                             ; 0.087 V                             ; 2.91e-09 s                 ; 2.74e-09 s                 ; Yes                       ; Yes                       ;
; SEG0[2]       ; 2.5 V        ; 0 s                 ; 0 s                 ; 2.32 V                       ; 4.49e-09 V                   ; 2.38 V              ; -0.00552 V          ; 0.096 V                              ; 0.019 V                              ; 4.18e-10 s                  ; 3.59e-10 s                  ; No                         ; Yes                        ; 2.32 V                      ; 4.49e-09 V                  ; 2.38 V             ; -0.00552 V         ; 0.096 V                             ; 0.019 V                             ; 4.18e-10 s                 ; 3.59e-10 s                 ; No                        ; Yes                       ;
; SEG0[3]       ; 2.5 V        ; 0 s                 ; 0 s                 ; 2.32 V                       ; 3.07e-09 V                   ; 2.38 V              ; -0.0144 V           ; 0.227 V                              ; 0.024 V                              ; 3.14e-10 s                  ; 3.39e-10 s                  ; Yes                        ; Yes                        ; 2.32 V                      ; 3.07e-09 V                  ; 2.38 V             ; -0.0144 V          ; 0.227 V                             ; 0.024 V                             ; 3.14e-10 s                 ; 3.39e-10 s                 ; Yes                       ; Yes                       ;
; SEG0[4]       ; 2.5 V        ; 0 s                 ; 0 s                 ; 2.32 V                       ; 3.07e-09 V                   ; 2.38 V              ; -0.0144 V           ; 0.227 V                              ; 0.024 V                              ; 3.14e-10 s                  ; 3.39e-10 s                  ; Yes                        ; Yes                        ; 2.32 V                      ; 3.07e-09 V                  ; 2.38 V             ; -0.0144 V          ; 0.227 V                             ; 0.024 V                             ; 3.14e-10 s                 ; 3.39e-10 s                 ; Yes                       ; Yes                       ;
; SEG0[5]       ; 2.5 V        ; 0 s                 ; 0 s                 ; 2.32 V                       ; 3.07e-09 V                   ; 2.33 V              ; -0.00496 V          ; 0.223 V                              ; 0.086 V                              ; 2.9e-09 s                   ; 2.73e-09 s                  ; Yes                        ; Yes                        ; 2.32 V                      ; 3.07e-09 V                  ; 2.33 V             ; -0.00496 V         ; 0.223 V                             ; 0.086 V                             ; 2.9e-09 s                  ; 2.73e-09 s                 ; Yes                       ; Yes                       ;
; SEG0[6]       ; 2.5 V        ; 0 s                 ; 0 s                 ; 2.32 V                       ; 3.07e-09 V                   ; 2.38 V              ; -0.0144 V           ; 0.227 V                              ; 0.024 V                              ; 3.14e-10 s                  ; 3.39e-10 s                  ; Yes                        ; Yes                        ; 2.32 V                      ; 3.07e-09 V                  ; 2.38 V             ; -0.0144 V          ; 0.227 V                             ; 0.024 V                             ; 3.14e-10 s                 ; 3.39e-10 s                 ; Yes                       ; Yes                       ;
; SEG1[0]       ; 2.5 V        ; 0 s                 ; 0 s                 ; 2.32 V                       ; 3.07e-09 V                   ; 2.38 V              ; -0.0144 V           ; 0.227 V                              ; 0.024 V                              ; 3.14e-10 s                  ; 3.39e-10 s                  ; Yes                        ; Yes                        ; 2.32 V                      ; 3.07e-09 V                  ; 2.38 V             ; -0.0144 V          ; 0.227 V                             ; 0.024 V                             ; 3.14e-10 s                 ; 3.39e-10 s                 ; Yes                       ; Yes                       ;
; SEG1[1]       ; 2.5 V        ; 0 s                 ; 0 s                 ; 2.32 V                       ; 3.07e-09 V                   ; 2.37 V              ; -0.00994 V          ; 0.186 V                              ; 0.028 V                              ; 4.98e-10 s                  ; 4.96e-10 s                  ; Yes                        ; Yes                        ; 2.32 V                      ; 3.07e-09 V                  ; 2.37 V             ; -0.00994 V         ; 0.186 V                             ; 0.028 V                             ; 4.98e-10 s                 ; 4.96e-10 s                 ; Yes                       ; Yes                       ;
; SEG1[2]       ; 2.5 V        ; 0 s                 ; 0 s                 ; 2.32 V                       ; 3.07e-09 V                   ; 2.37 V              ; -0.00994 V          ; 0.186 V                              ; 0.028 V                              ; 4.98e-10 s                  ; 4.96e-10 s                  ; Yes                        ; Yes                        ; 2.32 V                      ; 3.07e-09 V                  ; 2.37 V             ; -0.00994 V         ; 0.186 V                             ; 0.028 V                             ; 4.98e-10 s                 ; 4.96e-10 s                 ; Yes                       ; Yes                       ;
; SEG1[3]       ; 2.5 V        ; 0 s                 ; 0 s                 ; 2.32 V                       ; 3.07e-09 V                   ; 2.37 V              ; -0.00994 V          ; 0.186 V                              ; 0.028 V                              ; 4.98e-10 s                  ; 4.96e-10 s                  ; Yes                        ; Yes                        ; 2.32 V                      ; 3.07e-09 V                  ; 2.37 V             ; -0.00994 V         ; 0.186 V                             ; 0.028 V                             ; 4.98e-10 s                 ; 4.96e-10 s                 ; Yes                       ; Yes                       ;
; SEG1[4]       ; 2.5 V        ; 0 s                 ; 0 s                 ; 2.32 V                       ; 3.07e-09 V                   ; 2.37 V              ; -0.00994 V          ; 0.186 V                              ; 0.028 V                              ; 4.98e-10 s                  ; 4.96e-10 s                  ; Yes                        ; Yes                        ; 2.32 V                      ; 3.07e-09 V                  ; 2.37 V             ; -0.00994 V         ; 0.186 V                             ; 0.028 V                             ; 4.98e-10 s                 ; 4.96e-10 s                 ; Yes                       ; Yes                       ;
; SEG1[5]       ; 2.5 V        ; 0 s                 ; 0 s                 ; 2.32 V                       ; 3.07e-09 V                   ; 2.33 V              ; -0.00496 V          ; 0.223 V                              ; 0.086 V                              ; 2.9e-09 s                   ; 2.73e-09 s                  ; Yes                        ; Yes                        ; 2.32 V                      ; 3.07e-09 V                  ; 2.33 V             ; -0.00496 V         ; 0.223 V                             ; 0.086 V                             ; 2.9e-09 s                  ; 2.73e-09 s                 ; Yes                       ; Yes                       ;
; SEG1[6]       ; 2.5 V        ; 0 s                 ; 0 s                 ; 2.32 V                       ; 3.07e-09 V                   ; 2.33 V              ; -0.00496 V          ; 0.223 V                              ; 0.086 V                              ; 2.9e-09 s                   ; 2.73e-09 s                  ; Yes                        ; Yes                        ; 2.32 V                      ; 3.07e-09 V                  ; 2.33 V             ; -0.00496 V         ; 0.223 V                             ; 0.086 V                             ; 2.9e-09 s                  ; 2.73e-09 s                 ; Yes                       ; Yes                       ;
; SEG2[0]       ; 2.5 V        ; 0 s                 ; 0 s                 ; 2.32 V                       ; 3.07e-09 V                   ; 2.37 V              ; -0.00994 V          ; 0.186 V                              ; 0.028 V                              ; 4.98e-10 s                  ; 4.96e-10 s                  ; Yes                        ; Yes                        ; 2.32 V                      ; 3.07e-09 V                  ; 2.37 V             ; -0.00994 V         ; 0.186 V                             ; 0.028 V                             ; 4.98e-10 s                 ; 4.96e-10 s                 ; Yes                       ; Yes                       ;
; SEG2[1]       ; 2.5 V        ; 0 s                 ; 0 s                 ; 2.32 V                       ; 3.07e-09 V                   ; 2.37 V              ; -0.00994 V          ; 0.186 V                              ; 0.028 V                              ; 4.98e-10 s                  ; 4.96e-10 s                  ; Yes                        ; Yes                        ; 2.32 V                      ; 3.07e-09 V                  ; 2.37 V             ; -0.00994 V         ; 0.186 V                             ; 0.028 V                             ; 4.98e-10 s                 ; 4.96e-10 s                 ; Yes                       ; Yes                       ;
; SEG2[2]       ; 2.5 V        ; 0 s                 ; 0 s                 ; 2.32 V                       ; 3.07e-09 V                   ; 2.37 V              ; -0.00994 V          ; 0.186 V                              ; 0.028 V                              ; 4.98e-10 s                  ; 4.96e-10 s                  ; Yes                        ; Yes                        ; 2.32 V                      ; 3.07e-09 V                  ; 2.37 V             ; -0.00994 V         ; 0.186 V                             ; 0.028 V                             ; 4.98e-10 s                 ; 4.96e-10 s                 ; Yes                       ; Yes                       ;
; SEG2[3]       ; 2.5 V        ; 0 s                 ; 0 s                 ; 2.32 V                       ; 3.07e-09 V                   ; 2.37 V              ; -0.00994 V          ; 0.186 V                              ; 0.028 V                              ; 4.98e-10 s                  ; 4.96e-10 s                  ; Yes                        ; Yes                        ; 2.32 V                      ; 3.07e-09 V                  ; 2.37 V             ; -0.00994 V         ; 0.186 V                             ; 0.028 V                             ; 4.98e-10 s                 ; 4.96e-10 s                 ; Yes                       ; Yes                       ;
; SEG2[4]       ; 2.5 V        ; 0 s                 ; 0 s                 ; 2.32 V                       ; 3.07e-09 V                   ; 2.37 V              ; -0.00994 V          ; 0.186 V                              ; 0.028 V                              ; 4.98e-10 s                  ; 4.96e-10 s                  ; Yes                        ; Yes                        ; 2.32 V                      ; 3.07e-09 V                  ; 2.37 V             ; -0.00994 V         ; 0.186 V                             ; 0.028 V                             ; 4.98e-10 s                 ; 4.96e-10 s                 ; Yes                       ; Yes                       ;
; SEG2[5]       ; 2.5 V        ; 0 s                 ; 0 s                 ; 2.32 V                       ; 3.07e-09 V                   ; 2.37 V              ; -0.00994 V          ; 0.186 V                              ; 0.028 V                              ; 4.98e-10 s                  ; 4.96e-10 s                  ; Yes                        ; Yes                        ; 2.32 V                      ; 3.07e-09 V                  ; 2.37 V             ; -0.00994 V         ; 0.186 V                             ; 0.028 V                             ; 4.98e-10 s                 ; 4.96e-10 s                 ; Yes                       ; Yes                       ;
; SEG2[6]       ; 2.5 V        ; 0 s                 ; 0 s                 ; 2.32 V                       ; 3.07e-09 V                   ; 2.37 V              ; -0.00994 V          ; 0.186 V                              ; 0.028 V                              ; 4.98e-10 s                  ; 4.96e-10 s                  ; Yes                        ; Yes                        ; 2.32 V                      ; 3.07e-09 V                  ; 2.37 V             ; -0.00994 V         ; 0.186 V                             ; 0.028 V                             ; 4.98e-10 s                 ; 4.96e-10 s                 ; Yes                       ; Yes                       ;
; SEG3[0]       ; 2.5 V        ; 0 s                 ; 0 s                 ; 2.32 V                       ; 3.07e-09 V                   ; 2.37 V              ; -0.00994 V          ; 0.186 V                              ; 0.028 V                              ; 4.98e-10 s                  ; 4.96e-10 s                  ; Yes                        ; Yes                        ; 2.32 V                      ; 3.07e-09 V                  ; 2.37 V             ; -0.00994 V         ; 0.186 V                             ; 0.028 V                             ; 4.98e-10 s                 ; 4.96e-10 s                 ; Yes                       ; Yes                       ;
; SEG3[1]       ; 2.5 V        ; 0 s                 ; 0 s                 ; 2.32 V                       ; 3.07e-09 V                   ; 2.38 V              ; -0.0144 V           ; 0.227 V                              ; 0.024 V                              ; 3.14e-10 s                  ; 3.39e-10 s                  ; Yes                        ; Yes                        ; 2.32 V                      ; 3.07e-09 V                  ; 2.38 V             ; -0.0144 V          ; 0.227 V                             ; 0.024 V                             ; 3.14e-10 s                 ; 3.39e-10 s                 ; Yes                       ; Yes                       ;
; SEG3[2]       ; 2.5 V        ; 0 s                 ; 0 s                 ; 2.32 V                       ; 4.49e-09 V                   ; 2.33 V              ; -0.00467 V          ; 0.226 V                              ; 0.087 V                              ; 2.91e-09 s                  ; 2.74e-09 s                  ; Yes                        ; Yes                        ; 2.32 V                      ; 4.49e-09 V                  ; 2.33 V             ; -0.00467 V         ; 0.226 V                             ; 0.087 V                             ; 2.91e-09 s                 ; 2.74e-09 s                 ; Yes                       ; Yes                       ;
; SEG3[3]       ; 2.5 V        ; 0 s                 ; 0 s                 ; 2.32 V                       ; 4.49e-09 V                   ; 2.38 V              ; -0.00552 V          ; 0.096 V                              ; 0.019 V                              ; 4.18e-10 s                  ; 3.59e-10 s                  ; No                         ; Yes                        ; 2.32 V                      ; 4.49e-09 V                  ; 2.38 V             ; -0.00552 V         ; 0.096 V                             ; 0.019 V                             ; 4.18e-10 s                 ; 3.59e-10 s                 ; No                        ; Yes                       ;
; SEG3[4]       ; 2.5 V        ; 0 s                 ; 0 s                 ; 2.32 V                       ; 4.49e-09 V                   ; 2.38 V              ; -0.00552 V          ; 0.096 V                              ; 0.019 V                              ; 4.18e-10 s                  ; 3.59e-10 s                  ; No                         ; Yes                        ; 2.32 V                      ; 4.49e-09 V                  ; 2.38 V             ; -0.00552 V         ; 0.096 V                             ; 0.019 V                             ; 4.18e-10 s                 ; 3.59e-10 s                 ; No                        ; Yes                       ;
; SEG3[5]       ; 2.5 V        ; 0 s                 ; 0 s                 ; 2.32 V                       ; 4.49e-09 V                   ; 2.38 V              ; -0.00552 V          ; 0.096 V                              ; 0.019 V                              ; 4.18e-10 s                  ; 3.59e-10 s                  ; No                         ; Yes                        ; 2.32 V                      ; 4.49e-09 V                  ; 2.38 V             ; -0.00552 V         ; 0.096 V                             ; 0.019 V                             ; 4.18e-10 s                 ; 3.59e-10 s                 ; No                        ; Yes                       ;
; SEG3[6]       ; 2.5 V        ; 0 s                 ; 0 s                 ; 2.32 V                       ; 4.49e-09 V                   ; 2.38 V              ; -0.00552 V          ; 0.096 V                              ; 0.019 V                              ; 4.18e-10 s                  ; 3.59e-10 s                  ; No                         ; Yes                        ; 2.32 V                      ; 4.49e-09 V                  ; 2.38 V             ; -0.00552 V         ; 0.096 V                             ; 0.019 V                             ; 4.18e-10 s                 ; 3.59e-10 s                 ; No                        ; Yes                       ;
; SEG4[0]       ; 2.5 V        ; 0 s                 ; 0 s                 ; 2.32 V                       ; 4.49e-09 V                   ; 2.38 V              ; -0.00552 V          ; 0.096 V                              ; 0.019 V                              ; 4.18e-10 s                  ; 3.59e-10 s                  ; No                         ; Yes                        ; 2.32 V                      ; 4.49e-09 V                  ; 2.38 V             ; -0.00552 V         ; 0.096 V                             ; 0.019 V                             ; 4.18e-10 s                 ; 3.59e-10 s                 ; No                        ; Yes                       ;
; SEG4[1]       ; 2.5 V        ; 0 s                 ; 0 s                 ; 2.32 V                       ; 4.49e-09 V                   ; 2.38 V              ; -0.00552 V          ; 0.096 V                              ; 0.019 V                              ; 4.18e-10 s                  ; 3.59e-10 s                  ; No                         ; Yes                        ; 2.32 V                      ; 4.49e-09 V                  ; 2.38 V             ; -0.00552 V         ; 0.096 V                             ; 0.019 V                             ; 4.18e-10 s                 ; 3.59e-10 s                 ; No                        ; Yes                       ;
; SEG4[2]       ; 2.5 V        ; 0 s                 ; 0 s                 ; 2.32 V                       ; 4.49e-09 V                   ; 2.38 V              ; -0.00552 V          ; 0.096 V                              ; 0.019 V                              ; 4.18e-10 s                  ; 3.59e-10 s                  ; No                         ; Yes                        ; 2.32 V                      ; 4.49e-09 V                  ; 2.38 V             ; -0.00552 V         ; 0.096 V                             ; 0.019 V                             ; 4.18e-10 s                 ; 3.59e-10 s                 ; No                        ; Yes                       ;
; SEG4[3]       ; 2.5 V        ; 0 s                 ; 0 s                 ; 2.32 V                       ; 4.49e-09 V                   ; 2.38 V              ; -0.00552 V          ; 0.096 V                              ; 0.019 V                              ; 4.18e-10 s                  ; 3.59e-10 s                  ; No                         ; Yes                        ; 2.32 V                      ; 4.49e-09 V                  ; 2.38 V             ; -0.00552 V         ; 0.096 V                             ; 0.019 V                             ; 4.18e-10 s                 ; 3.59e-10 s                 ; No                        ; Yes                       ;
; SEG4[4]       ; 2.5 V        ; 0 s                 ; 0 s                 ; 2.32 V                       ; 4.49e-09 V                   ; 2.38 V              ; -0.00552 V          ; 0.096 V                              ; 0.019 V                              ; 4.18e-10 s                  ; 3.59e-10 s                  ; No                         ; Yes                        ; 2.32 V                      ; 4.49e-09 V                  ; 2.38 V             ; -0.00552 V         ; 0.096 V                             ; 0.019 V                             ; 4.18e-10 s                 ; 3.59e-10 s                 ; No                        ; Yes                       ;
; SEG4[5]       ; 2.5 V        ; 0 s                 ; 0 s                 ; 2.32 V                       ; 4.49e-09 V                   ; 2.38 V              ; -0.00552 V          ; 0.096 V                              ; 0.019 V                              ; 4.18e-10 s                  ; 3.59e-10 s                  ; No                         ; Yes                        ; 2.32 V                      ; 4.49e-09 V                  ; 2.38 V             ; -0.00552 V         ; 0.096 V                             ; 0.019 V                             ; 4.18e-10 s                 ; 3.59e-10 s                 ; No                        ; Yes                       ;
; SEG4[6]       ; 2.5 V        ; 0 s                 ; 0 s                 ; 2.32 V                       ; 4.49e-09 V                   ; 2.38 V              ; -0.00552 V          ; 0.096 V                              ; 0.019 V                              ; 4.18e-10 s                  ; 3.59e-10 s                  ; No                         ; Yes                        ; 2.32 V                      ; 4.49e-09 V                  ; 2.38 V             ; -0.00552 V         ; 0.096 V                             ; 0.019 V                             ; 4.18e-10 s                 ; 3.59e-10 s                 ; No                        ; Yes                       ;
; SEG5[0]       ; 2.5 V        ; 0 s                 ; 0 s                 ; 2.32 V                       ; 4.49e-09 V                   ; 2.38 V              ; -0.00552 V          ; 0.096 V                              ; 0.019 V                              ; 4.18e-10 s                  ; 3.59e-10 s                  ; No                         ; Yes                        ; 2.32 V                      ; 4.49e-09 V                  ; 2.38 V             ; -0.00552 V         ; 0.096 V                             ; 0.019 V                             ; 4.18e-10 s                 ; 3.59e-10 s                 ; No                        ; Yes                       ;
; SEG5[1]       ; 2.5 V        ; 0 s                 ; 0 s                 ; 2.32 V                       ; 4.49e-09 V                   ; 2.33 V              ; -0.00467 V          ; 0.226 V                              ; 0.087 V                              ; 2.91e-09 s                  ; 2.74e-09 s                  ; Yes                        ; Yes                        ; 2.32 V                      ; 4.49e-09 V                  ; 2.33 V             ; -0.00467 V         ; 0.226 V                             ; 0.087 V                             ; 2.91e-09 s                 ; 2.74e-09 s                 ; Yes                       ; Yes                       ;
; SEG5[2]       ; 2.5 V        ; 0 s                 ; 0 s                 ; 2.32 V                       ; 4.49e-09 V                   ; 2.38 V              ; -0.00552 V          ; 0.096 V                              ; 0.019 V                              ; 4.18e-10 s                  ; 3.59e-10 s                  ; No                         ; Yes                        ; 2.32 V                      ; 4.49e-09 V                  ; 2.38 V             ; -0.00552 V         ; 0.096 V                             ; 0.019 V                             ; 4.18e-10 s                 ; 3.59e-10 s                 ; No                        ; Yes                       ;
; SEG5[3]       ; 2.5 V        ; 0 s                 ; 0 s                 ; 2.32 V                       ; 4.49e-09 V                   ; 2.38 V              ; -0.00552 V          ; 0.096 V                              ; 0.019 V                              ; 4.18e-10 s                  ; 3.59e-10 s                  ; No                         ; Yes                        ; 2.32 V                      ; 4.49e-09 V                  ; 2.38 V             ; -0.00552 V         ; 0.096 V                             ; 0.019 V                             ; 4.18e-10 s                 ; 3.59e-10 s                 ; No                        ; Yes                       ;
; SEG5[4]       ; 2.5 V        ; 0 s                 ; 0 s                 ; 2.32 V                       ; 4.49e-09 V                   ; 2.38 V              ; -0.00552 V          ; 0.096 V                              ; 0.019 V                              ; 4.18e-10 s                  ; 3.59e-10 s                  ; No                         ; Yes                        ; 2.32 V                      ; 4.49e-09 V                  ; 2.38 V             ; -0.00552 V         ; 0.096 V                             ; 0.019 V                             ; 4.18e-10 s                 ; 3.59e-10 s                 ; No                        ; Yes                       ;
; SEG5[5]       ; 2.5 V        ; 0 s                 ; 0 s                 ; 2.32 V                       ; 4.49e-09 V                   ; 2.38 V              ; -0.00552 V          ; 0.096 V                              ; 0.019 V                              ; 4.18e-10 s                  ; 3.59e-10 s                  ; No                         ; Yes                        ; 2.32 V                      ; 4.49e-09 V                  ; 2.38 V             ; -0.00552 V         ; 0.096 V                             ; 0.019 V                             ; 4.18e-10 s                 ; 3.59e-10 s                 ; No                        ; Yes                       ;
; SEG5[6]       ; 2.5 V        ; 0 s                 ; 0 s                 ; 2.32 V                       ; 4.49e-09 V                   ; 2.38 V              ; -0.00552 V          ; 0.096 V                              ; 0.019 V                              ; 4.18e-10 s                  ; 3.59e-10 s                  ; No                         ; Yes                        ; 2.32 V                      ; 4.49e-09 V                  ; 2.38 V             ; -0.00552 V         ; 0.096 V                             ; 0.019 V                             ; 4.18e-10 s                 ; 3.59e-10 s                 ; No                        ; Yes                       ;
; SEG6[0]       ; 2.5 V        ; 0 s                 ; 0 s                 ; 2.32 V                       ; 4.49e-09 V                   ; 2.38 V              ; -0.00552 V          ; 0.096 V                              ; 0.019 V                              ; 4.18e-10 s                  ; 3.59e-10 s                  ; No                         ; Yes                        ; 2.32 V                      ; 4.49e-09 V                  ; 2.38 V             ; -0.00552 V         ; 0.096 V                             ; 0.019 V                             ; 4.18e-10 s                 ; 3.59e-10 s                 ; No                        ; Yes                       ;
; SEG6[1]       ; 2.5 V        ; 0 s                 ; 0 s                 ; 2.32 V                       ; 4.49e-09 V                   ; 2.38 V              ; -0.00552 V          ; 0.096 V                              ; 0.019 V                              ; 4.18e-10 s                  ; 3.59e-10 s                  ; No                         ; Yes                        ; 2.32 V                      ; 4.49e-09 V                  ; 2.38 V             ; -0.00552 V         ; 0.096 V                             ; 0.019 V                             ; 4.18e-10 s                 ; 3.59e-10 s                 ; No                        ; Yes                       ;
; SEG6[2]       ; 2.5 V        ; 0 s                 ; 0 s                 ; 2.32 V                       ; 4.49e-09 V                   ; 2.38 V              ; -0.00552 V          ; 0.096 V                              ; 0.019 V                              ; 4.18e-10 s                  ; 3.59e-10 s                  ; No                         ; Yes                        ; 2.32 V                      ; 4.49e-09 V                  ; 2.38 V             ; -0.00552 V         ; 0.096 V                             ; 0.019 V                             ; 4.18e-10 s                 ; 3.59e-10 s                 ; No                        ; Yes                       ;
; SEG6[3]       ; 2.5 V        ; 0 s                 ; 0 s                 ; 2.32 V                       ; 4.49e-09 V                   ; 2.38 V              ; -0.00552 V          ; 0.096 V                              ; 0.019 V                              ; 4.18e-10 s                  ; 3.59e-10 s                  ; No                         ; Yes                        ; 2.32 V                      ; 4.49e-09 V                  ; 2.38 V             ; -0.00552 V         ; 0.096 V                             ; 0.019 V                             ; 4.18e-10 s                 ; 3.59e-10 s                 ; No                        ; Yes                       ;
; SEG6[4]       ; 2.5 V        ; 0 s                 ; 0 s                 ; 2.32 V                       ; 4.49e-09 V                   ; 2.38 V              ; -0.00552 V          ; 0.096 V                              ; 0.019 V                              ; 4.18e-10 s                  ; 3.59e-10 s                  ; No                         ; Yes                        ; 2.32 V                      ; 4.49e-09 V                  ; 2.38 V             ; -0.00552 V         ; 0.096 V                             ; 0.019 V                             ; 4.18e-10 s                 ; 3.59e-10 s                 ; No                        ; Yes                       ;
; SEG6[5]       ; 2.5 V        ; 0 s                 ; 0 s                 ; 2.32 V                       ; 4.49e-09 V                   ; 2.33 V              ; -0.00467 V          ; 0.226 V                              ; 0.087 V                              ; 2.91e-09 s                  ; 2.74e-09 s                  ; Yes                        ; Yes                        ; 2.32 V                      ; 4.49e-09 V                  ; 2.33 V             ; -0.00467 V         ; 0.226 V                             ; 0.087 V                             ; 2.91e-09 s                 ; 2.74e-09 s                 ; Yes                       ; Yes                       ;
; SEG6[6]       ; 2.5 V        ; 0 s                 ; 0 s                 ; 2.32 V                       ; 4.49e-09 V                   ; 2.38 V              ; -0.00552 V          ; 0.096 V                              ; 0.019 V                              ; 4.18e-10 s                  ; 3.59e-10 s                  ; No                         ; Yes                        ; 2.32 V                      ; 4.49e-09 V                  ; 2.38 V             ; -0.00552 V         ; 0.096 V                             ; 0.019 V                             ; 4.18e-10 s                 ; 3.59e-10 s                 ; No                        ; Yes                       ;
; SEG7[0]       ; 2.5 V        ; 0 s                 ; 0 s                 ; 2.32 V                       ; 4.49e-09 V                   ; 2.38 V              ; -0.00552 V          ; 0.096 V                              ; 0.019 V                              ; 4.18e-10 s                  ; 3.59e-10 s                  ; No                         ; Yes                        ; 2.32 V                      ; 4.49e-09 V                  ; 2.38 V             ; -0.00552 V         ; 0.096 V                             ; 0.019 V                             ; 4.18e-10 s                 ; 3.59e-10 s                 ; No                        ; Yes                       ;
; SEG7[1]       ; 2.5 V        ; 0 s                 ; 0 s                 ; 2.32 V                       ; 4.49e-09 V                   ; 2.38 V              ; -0.00552 V          ; 0.096 V                              ; 0.019 V                              ; 4.18e-10 s                  ; 3.59e-10 s                  ; No                         ; Yes                        ; 2.32 V                      ; 4.49e-09 V                  ; 2.38 V             ; -0.00552 V         ; 0.096 V                             ; 0.019 V                             ; 4.18e-10 s                 ; 3.59e-10 s                 ; No                        ; Yes                       ;
; SEG7[2]       ; 2.5 V        ; 0 s                 ; 0 s                 ; 2.32 V                       ; 4.49e-09 V                   ; 2.38 V              ; -0.00552 V          ; 0.096 V                              ; 0.019 V                              ; 4.18e-10 s                  ; 3.59e-10 s                  ; No                         ; Yes                        ; 2.32 V                      ; 4.49e-09 V                  ; 2.38 V             ; -0.00552 V         ; 0.096 V                             ; 0.019 V                             ; 4.18e-10 s                 ; 3.59e-10 s                 ; No                        ; Yes                       ;
; SEG7[3]       ; 2.5 V        ; 0 s                 ; 0 s                 ; 2.32 V                       ; 4.49e-09 V                   ; 2.38 V              ; -0.00552 V          ; 0.096 V                              ; 0.019 V                              ; 4.18e-10 s                  ; 3.59e-10 s                  ; No                         ; Yes                        ; 2.32 V                      ; 4.49e-09 V                  ; 2.38 V             ; -0.00552 V         ; 0.096 V                             ; 0.019 V                             ; 4.18e-10 s                 ; 3.59e-10 s                 ; No                        ; Yes                       ;
; SEG7[4]       ; 2.5 V        ; 0 s                 ; 0 s                 ; 2.32 V                       ; 4.49e-09 V                   ; 2.38 V              ; -0.00552 V          ; 0.096 V                              ; 0.019 V                              ; 4.18e-10 s                  ; 3.59e-10 s                  ; No                         ; Yes                        ; 2.32 V                      ; 4.49e-09 V                  ; 2.38 V             ; -0.00552 V         ; 0.096 V                             ; 0.019 V                             ; 4.18e-10 s                 ; 3.59e-10 s                 ; No                        ; Yes                       ;
; SEG7[5]       ; 2.5 V        ; 0 s                 ; 0 s                 ; 2.32 V                       ; 4.49e-09 V                   ; 2.38 V              ; -0.00552 V          ; 0.096 V                              ; 0.019 V                              ; 4.18e-10 s                  ; 3.59e-10 s                  ; No                         ; Yes                        ; 2.32 V                      ; 4.49e-09 V                  ; 2.38 V             ; -0.00552 V         ; 0.096 V                             ; 0.019 V                             ; 4.18e-10 s                 ; 3.59e-10 s                 ; No                        ; Yes                       ;
; SEG7[6]       ; 2.5 V        ; 0 s                 ; 0 s                 ; 2.32 V                       ; 4.49e-09 V                   ; 2.38 V              ; -0.00552 V          ; 0.096 V                              ; 0.019 V                              ; 4.18e-10 s                  ; 3.59e-10 s                  ; No                         ; Yes                        ; 2.32 V                      ; 4.49e-09 V                  ; 2.38 V             ; -0.00552 V         ; 0.096 V                             ; 0.019 V                             ; 4.18e-10 s                 ; 3.59e-10 s                 ; No                        ; Yes                       ;
; ~ALTERA_DCLK~ ; 2.5 V        ; 0 s                 ; 0 s                 ; 2.32 V                       ; 2.67e-09 V                   ; 2.38 V              ; -0.0485 V           ; 0.167 V                              ; 0.096 V                              ; 2.95e-10 s                  ; 2.73e-10 s                  ; Yes                        ; Yes                        ; 2.32 V                      ; 2.67e-09 V                  ; 2.38 V             ; -0.0485 V          ; 0.167 V                             ; 0.096 V                             ; 2.95e-10 s                 ; 2.73e-10 s                 ; Yes                       ; Yes                       ;
; ~ALTERA_nCEO~ ; 2.5 V        ; 0 s                 ; 0 s                 ; 2.32 V                       ; 4.18e-09 V                   ; 2.38 V              ; -0.00483 V          ; 0.152 V                              ; 0.012 V                              ; 4.81e-10 s                  ; 6.29e-10 s                  ; Yes                        ; Yes                        ; 2.32 V                      ; 4.18e-09 V                  ; 2.38 V             ; -0.00483 V         ; 0.152 V                             ; 0.012 V                             ; 4.81e-10 s                 ; 6.29e-10 s                 ; Yes                       ; Yes                       ;
+---------------+--------------+---------------------+---------------------+------------------------------+------------------------------+---------------------+---------------------+--------------------------------------+--------------------------------------+-----------------------------+-----------------------------+----------------------------+----------------------------+-----------------------------+-----------------------------+--------------------+--------------------+-------------------------------------+-------------------------------------+----------------------------+----------------------------+---------------------------+---------------------------+


+--------------------------------------------------------------------------------------------------------------------------------------------------------------------------------------------------------------------------------------------------------------------------------------------------------------------------------------------------------------------------------------------------------------------------------------------------------------------------------------------------------------------------------------------------------------------------------------------------------------------------------------------------------------------------------------------+
; Signal Integrity Metrics (Slow 1200mv 85c Model)                                                                                                                                                                                                                                                                                                                                                                                                                                                                                                                                                                                                                                           ;
+---------------+--------------+---------------------+---------------------+------------------------------+------------------------------+---------------------+---------------------+--------------------------------------+--------------------------------------+-----------------------------+-----------------------------+----------------------------+----------------------------+-----------------------------+-----------------------------+--------------------+--------------------+-------------------------------------+-------------------------------------+----------------------------+----------------------------+---------------------------+---------------------------+
; Pin           ; I/O Standard ; Board Delay on Rise ; Board Delay on Fall ; Steady State Voh at FPGA Pin ; Steady State Vol at FPGA Pin ; Voh Max at FPGA Pin ; Vol Min at FPGA Pin ; Ringback Voltage on Rise at FPGA Pin ; Ringback Voltage on Fall at FPGA Pin ; 10-90 Rise Time at FPGA Pin ; 90-10 Fall Time at FPGA Pin ; Monotonic Rise at FPGA Pin ; Monotonic Fall at FPGA Pin ; Steady State Voh at Far-end ; Steady State Vol at Far-end ; Voh Max at Far-end ; Vol Min at Far-end ; Ringback Voltage on Rise at Far-end ; Ringback Voltage on Fall at Far-end ; 10-90 Rise Time at Far-end ; 90-10 Fall Time at Far-end ; Monotonic Rise at Far-end ; Monotonic Fall at Far-end ;
+---------------+--------------+---------------------+---------------------+------------------------------+------------------------------+---------------------+---------------------+--------------------------------------+--------------------------------------+-----------------------------+-----------------------------+----------------------------+----------------------------+-----------------------------+-----------------------------+--------------------+--------------------+-------------------------------------+-------------------------------------+----------------------------+----------------------------+---------------------------+---------------------------+
; SEG0[0]       ; 2.5 V        ; 0 s                 ; 0 s                 ; 2.32 V                       ; 6.92e-07 V                   ; 2.35 V              ; -0.00996 V          ; 0.121 V                              ; 0.03 V                               ; 4.64e-10 s                  ; 4.47e-10 s                  ; Yes                        ; Yes                        ; 2.32 V                      ; 6.92e-07 V                  ; 2.35 V             ; -0.00996 V         ; 0.121 V                             ; 0.03 V                              ; 4.64e-10 s                 ; 4.47e-10 s                 ; Yes                       ; Yes                       ;
; SEG0[1]       ; 2.5 V        ; 0 s                 ; 0 s                 ; 2.32 V                       ; 6.92e-07 V                   ; 2.33 V              ; -0.00265 V          ; 0.133 V                              ; 0.056 V                              ; 3.55e-09 s                  ; 3.31e-09 s                  ; Yes                        ; Yes                        ; 2.32 V                      ; 6.92e-07 V                  ; 2.33 V             ; -0.00265 V         ; 0.133 V                             ; 0.056 V                             ; 3.55e-09 s                 ; 3.31e-09 s                 ; Yes                       ; Yes                       ;
; SEG0[2]       ; 2.5 V        ; 0 s                 ; 0 s                 ; 2.32 V                       ; 6.92e-07 V                   ; 2.35 V              ; -0.00996 V          ; 0.121 V                              ; 0.03 V                               ; 4.64e-10 s                  ; 4.47e-10 s                  ; Yes                        ; Yes                        ; 2.32 V                      ; 6.92e-07 V                  ; 2.35 V             ; -0.00996 V         ; 0.121 V                             ; 0.03 V                              ; 4.64e-10 s                 ; 4.47e-10 s                 ; Yes                       ; Yes                       ;
; SEG0[3]       ; 2.5 V        ; 0 s                 ; 0 s                 ; 2.32 V                       ; 4.67e-07 V                   ; 2.36 V              ; -0.00552 V          ; 0.11 V                               ; 0.007 V                              ; 4.54e-10 s                  ; 4.35e-10 s                  ; Yes                        ; Yes                        ; 2.32 V                      ; 4.67e-07 V                  ; 2.36 V             ; -0.00552 V         ; 0.11 V                              ; 0.007 V                             ; 4.54e-10 s                 ; 4.35e-10 s                 ; Yes                       ; Yes                       ;
; SEG0[4]       ; 2.5 V        ; 0 s                 ; 0 s                 ; 2.32 V                       ; 4.67e-07 V                   ; 2.36 V              ; -0.00552 V          ; 0.11 V                               ; 0.007 V                              ; 4.54e-10 s                  ; 4.35e-10 s                  ; Yes                        ; Yes                        ; 2.32 V                      ; 4.67e-07 V                  ; 2.36 V             ; -0.00552 V         ; 0.11 V                              ; 0.007 V                             ; 4.54e-10 s                 ; 4.35e-10 s                 ; Yes                       ; Yes                       ;
; SEG0[5]       ; 2.5 V        ; 0 s                 ; 0 s                 ; 2.32 V                       ; 4.67e-07 V                   ; 2.33 V              ; -0.00269 V          ; 0.13 V                               ; 0.055 V                              ; 3.54e-09 s                  ; 3.29e-09 s                  ; Yes                        ; Yes                        ; 2.32 V                      ; 4.67e-07 V                  ; 2.33 V             ; -0.00269 V         ; 0.13 V                              ; 0.055 V                             ; 3.54e-09 s                 ; 3.29e-09 s                 ; Yes                       ; Yes                       ;
; SEG0[6]       ; 2.5 V        ; 0 s                 ; 0 s                 ; 2.32 V                       ; 4.67e-07 V                   ; 2.36 V              ; -0.00552 V          ; 0.11 V                               ; 0.007 V                              ; 4.54e-10 s                  ; 4.35e-10 s                  ; Yes                        ; Yes                        ; 2.32 V                      ; 4.67e-07 V                  ; 2.36 V             ; -0.00552 V         ; 0.11 V                              ; 0.007 V                             ; 4.54e-10 s                 ; 4.35e-10 s                 ; Yes                       ; Yes                       ;
; SEG1[0]       ; 2.5 V        ; 0 s                 ; 0 s                 ; 2.32 V                       ; 4.67e-07 V                   ; 2.36 V              ; -0.00552 V          ; 0.11 V                               ; 0.007 V                              ; 4.54e-10 s                  ; 4.35e-10 s                  ; Yes                        ; Yes                        ; 2.32 V                      ; 4.67e-07 V                  ; 2.36 V             ; -0.00552 V         ; 0.11 V                              ; 0.007 V                             ; 4.54e-10 s                 ; 4.35e-10 s                 ; Yes                       ; Yes                       ;
; SEG1[1]       ; 2.5 V        ; 0 s                 ; 0 s                 ; 2.32 V                       ; 4.67e-07 V                   ; 2.35 V              ; -0.00942 V          ; 0.116 V                              ; 0.033 V                              ; 6.66e-10 s                  ; 6.27e-10 s                  ; Yes                        ; Yes                        ; 2.32 V                      ; 4.67e-07 V                  ; 2.35 V             ; -0.00942 V         ; 0.116 V                             ; 0.033 V                             ; 6.66e-10 s                 ; 6.27e-10 s                 ; Yes                       ; Yes                       ;
; SEG1[2]       ; 2.5 V        ; 0 s                 ; 0 s                 ; 2.32 V                       ; 4.67e-07 V                   ; 2.35 V              ; -0.00942 V          ; 0.116 V                              ; 0.033 V                              ; 6.66e-10 s                  ; 6.27e-10 s                  ; Yes                        ; Yes                        ; 2.32 V                      ; 4.67e-07 V                  ; 2.35 V             ; -0.00942 V         ; 0.116 V                             ; 0.033 V                             ; 6.66e-10 s                 ; 6.27e-10 s                 ; Yes                       ; Yes                       ;
; SEG1[3]       ; 2.5 V        ; 0 s                 ; 0 s                 ; 2.32 V                       ; 4.67e-07 V                   ; 2.35 V              ; -0.00942 V          ; 0.116 V                              ; 0.033 V                              ; 6.66e-10 s                  ; 6.27e-10 s                  ; Yes                        ; Yes                        ; 2.32 V                      ; 4.67e-07 V                  ; 2.35 V             ; -0.00942 V         ; 0.116 V                             ; 0.033 V                             ; 6.66e-10 s                 ; 6.27e-10 s                 ; Yes                       ; Yes                       ;
; SEG1[4]       ; 2.5 V        ; 0 s                 ; 0 s                 ; 2.32 V                       ; 4.67e-07 V                   ; 2.35 V              ; -0.00942 V          ; 0.116 V                              ; 0.033 V                              ; 6.66e-10 s                  ; 6.27e-10 s                  ; Yes                        ; Yes                        ; 2.32 V                      ; 4.67e-07 V                  ; 2.35 V             ; -0.00942 V         ; 0.116 V                             ; 0.033 V                             ; 6.66e-10 s                 ; 6.27e-10 s                 ; Yes                       ; Yes                       ;
; SEG1[5]       ; 2.5 V        ; 0 s                 ; 0 s                 ; 2.32 V                       ; 4.67e-07 V                   ; 2.33 V              ; -0.00269 V          ; 0.13 V                               ; 0.055 V                              ; 3.54e-09 s                  ; 3.29e-09 s                  ; Yes                        ; Yes                        ; 2.32 V                      ; 4.67e-07 V                  ; 2.33 V             ; -0.00269 V         ; 0.13 V                              ; 0.055 V                             ; 3.54e-09 s                 ; 3.29e-09 s                 ; Yes                       ; Yes                       ;
; SEG1[6]       ; 2.5 V        ; 0 s                 ; 0 s                 ; 2.32 V                       ; 4.67e-07 V                   ; 2.33 V              ; -0.00269 V          ; 0.13 V                               ; 0.055 V                              ; 3.54e-09 s                  ; 3.29e-09 s                  ; Yes                        ; Yes                        ; 2.32 V                      ; 4.67e-07 V                  ; 2.33 V             ; -0.00269 V         ; 0.13 V                              ; 0.055 V                             ; 3.54e-09 s                 ; 3.29e-09 s                 ; Yes                       ; Yes                       ;
; SEG2[0]       ; 2.5 V        ; 0 s                 ; 0 s                 ; 2.32 V                       ; 4.67e-07 V                   ; 2.35 V              ; -0.00942 V          ; 0.116 V                              ; 0.033 V                              ; 6.66e-10 s                  ; 6.27e-10 s                  ; Yes                        ; Yes                        ; 2.32 V                      ; 4.67e-07 V                  ; 2.35 V             ; -0.00942 V         ; 0.116 V                             ; 0.033 V                             ; 6.66e-10 s                 ; 6.27e-10 s                 ; Yes                       ; Yes                       ;
; SEG2[1]       ; 2.5 V        ; 0 s                 ; 0 s                 ; 2.32 V                       ; 4.67e-07 V                   ; 2.35 V              ; -0.00942 V          ; 0.116 V                              ; 0.033 V                              ; 6.66e-10 s                  ; 6.27e-10 s                  ; Yes                        ; Yes                        ; 2.32 V                      ; 4.67e-07 V                  ; 2.35 V             ; -0.00942 V         ; 0.116 V                             ; 0.033 V                             ; 6.66e-10 s                 ; 6.27e-10 s                 ; Yes                       ; Yes                       ;
; SEG2[2]       ; 2.5 V        ; 0 s                 ; 0 s                 ; 2.32 V                       ; 4.67e-07 V                   ; 2.35 V              ; -0.00942 V          ; 0.116 V                              ; 0.033 V                              ; 6.66e-10 s                  ; 6.27e-10 s                  ; Yes                        ; Yes                        ; 2.32 V                      ; 4.67e-07 V                  ; 2.35 V             ; -0.00942 V         ; 0.116 V                             ; 0.033 V                             ; 6.66e-10 s                 ; 6.27e-10 s                 ; Yes                       ; Yes                       ;
; SEG2[3]       ; 2.5 V        ; 0 s                 ; 0 s                 ; 2.32 V                       ; 4.67e-07 V                   ; 2.35 V              ; -0.00942 V          ; 0.116 V                              ; 0.033 V                              ; 6.66e-10 s                  ; 6.27e-10 s                  ; Yes                        ; Yes                        ; 2.32 V                      ; 4.67e-07 V                  ; 2.35 V             ; -0.00942 V         ; 0.116 V                             ; 0.033 V                             ; 6.66e-10 s                 ; 6.27e-10 s                 ; Yes                       ; Yes                       ;
; SEG2[4]       ; 2.5 V        ; 0 s                 ; 0 s                 ; 2.32 V                       ; 4.67e-07 V                   ; 2.35 V              ; -0.00942 V          ; 0.116 V                              ; 0.033 V                              ; 6.66e-10 s                  ; 6.27e-10 s                  ; Yes                        ; Yes                        ; 2.32 V                      ; 4.67e-07 V                  ; 2.35 V             ; -0.00942 V         ; 0.116 V                             ; 0.033 V                             ; 6.66e-10 s                 ; 6.27e-10 s                 ; Yes                       ; Yes                       ;
; SEG2[5]       ; 2.5 V        ; 0 s                 ; 0 s                 ; 2.32 V                       ; 4.67e-07 V                   ; 2.35 V              ; -0.00942 V          ; 0.116 V                              ; 0.033 V                              ; 6.66e-10 s                  ; 6.27e-10 s                  ; Yes                        ; Yes                        ; 2.32 V                      ; 4.67e-07 V                  ; 2.35 V             ; -0.00942 V         ; 0.116 V                             ; 0.033 V                             ; 6.66e-10 s                 ; 6.27e-10 s                 ; Yes                       ; Yes                       ;
; SEG2[6]       ; 2.5 V        ; 0 s                 ; 0 s                 ; 2.32 V                       ; 4.67e-07 V                   ; 2.35 V              ; -0.00942 V          ; 0.116 V                              ; 0.033 V                              ; 6.66e-10 s                  ; 6.27e-10 s                  ; Yes                        ; Yes                        ; 2.32 V                      ; 4.67e-07 V                  ; 2.35 V             ; -0.00942 V         ; 0.116 V                             ; 0.033 V                             ; 6.66e-10 s                 ; 6.27e-10 s                 ; Yes                       ; Yes                       ;
; SEG3[0]       ; 2.5 V        ; 0 s                 ; 0 s                 ; 2.32 V                       ; 4.67e-07 V                   ; 2.35 V              ; -0.00942 V          ; 0.116 V                              ; 0.033 V                              ; 6.66e-10 s                  ; 6.27e-10 s                  ; Yes                        ; Yes                        ; 2.32 V                      ; 4.67e-07 V                  ; 2.35 V             ; -0.00942 V         ; 0.116 V                             ; 0.033 V                             ; 6.66e-10 s                 ; 6.27e-10 s                 ; Yes                       ; Yes                       ;
; SEG3[1]       ; 2.5 V        ; 0 s                 ; 0 s                 ; 2.32 V                       ; 4.67e-07 V                   ; 2.36 V              ; -0.00552 V          ; 0.11 V                               ; 0.007 V                              ; 4.54e-10 s                  ; 4.35e-10 s                  ; Yes                        ; Yes                        ; 2.32 V                      ; 4.67e-07 V                  ; 2.36 V             ; -0.00552 V         ; 0.11 V                              ; 0.007 V                             ; 4.54e-10 s                 ; 4.35e-10 s                 ; Yes                       ; Yes                       ;
; SEG3[2]       ; 2.5 V        ; 0 s                 ; 0 s                 ; 2.32 V                       ; 6.92e-07 V                   ; 2.33 V              ; -0.00265 V          ; 0.133 V                              ; 0.056 V                              ; 3.55e-09 s                  ; 3.31e-09 s                  ; Yes                        ; Yes                        ; 2.32 V                      ; 6.92e-07 V                  ; 2.33 V             ; -0.00265 V         ; 0.133 V                             ; 0.056 V                             ; 3.55e-09 s                 ; 3.31e-09 s                 ; Yes                       ; Yes                       ;
; SEG3[3]       ; 2.5 V        ; 0 s                 ; 0 s                 ; 2.32 V                       ; 6.92e-07 V                   ; 2.35 V              ; -0.00996 V          ; 0.121 V                              ; 0.03 V                               ; 4.64e-10 s                  ; 4.47e-10 s                  ; Yes                        ; Yes                        ; 2.32 V                      ; 6.92e-07 V                  ; 2.35 V             ; -0.00996 V         ; 0.121 V                             ; 0.03 V                              ; 4.64e-10 s                 ; 4.47e-10 s                 ; Yes                       ; Yes                       ;
; SEG3[4]       ; 2.5 V        ; 0 s                 ; 0 s                 ; 2.32 V                       ; 6.92e-07 V                   ; 2.35 V              ; -0.00996 V          ; 0.121 V                              ; 0.03 V                               ; 4.64e-10 s                  ; 4.47e-10 s                  ; Yes                        ; Yes                        ; 2.32 V                      ; 6.92e-07 V                  ; 2.35 V             ; -0.00996 V         ; 0.121 V                             ; 0.03 V                              ; 4.64e-10 s                 ; 4.47e-10 s                 ; Yes                       ; Yes                       ;
; SEG3[5]       ; 2.5 V        ; 0 s                 ; 0 s                 ; 2.32 V                       ; 6.92e-07 V                   ; 2.35 V              ; -0.00996 V          ; 0.121 V                              ; 0.03 V                               ; 4.64e-10 s                  ; 4.47e-10 s                  ; Yes                        ; Yes                        ; 2.32 V                      ; 6.92e-07 V                  ; 2.35 V             ; -0.00996 V         ; 0.121 V                             ; 0.03 V                              ; 4.64e-10 s                 ; 4.47e-10 s                 ; Yes                       ; Yes                       ;
; SEG3[6]       ; 2.5 V        ; 0 s                 ; 0 s                 ; 2.32 V                       ; 6.92e-07 V                   ; 2.35 V              ; -0.00996 V          ; 0.121 V                              ; 0.03 V                               ; 4.64e-10 s                  ; 4.47e-10 s                  ; Yes                        ; Yes                        ; 2.32 V                      ; 6.92e-07 V                  ; 2.35 V             ; -0.00996 V         ; 0.121 V                             ; 0.03 V                              ; 4.64e-10 s                 ; 4.47e-10 s                 ; Yes                       ; Yes                       ;
; SEG4[0]       ; 2.5 V        ; 0 s                 ; 0 s                 ; 2.32 V                       ; 6.92e-07 V                   ; 2.35 V              ; -0.00996 V          ; 0.121 V                              ; 0.03 V                               ; 4.64e-10 s                  ; 4.47e-10 s                  ; Yes                        ; Yes                        ; 2.32 V                      ; 6.92e-07 V                  ; 2.35 V             ; -0.00996 V         ; 0.121 V                             ; 0.03 V                              ; 4.64e-10 s                 ; 4.47e-10 s                 ; Yes                       ; Yes                       ;
; SEG4[1]       ; 2.5 V        ; 0 s                 ; 0 s                 ; 2.32 V                       ; 6.92e-07 V                   ; 2.35 V              ; -0.00996 V          ; 0.121 V                              ; 0.03 V                               ; 4.64e-10 s                  ; 4.47e-10 s                  ; Yes                        ; Yes                        ; 2.32 V                      ; 6.92e-07 V                  ; 2.35 V             ; -0.00996 V         ; 0.121 V                             ; 0.03 V                              ; 4.64e-10 s                 ; 4.47e-10 s                 ; Yes                       ; Yes                       ;
; SEG4[2]       ; 2.5 V        ; 0 s                 ; 0 s                 ; 2.32 V                       ; 6.92e-07 V                   ; 2.35 V              ; -0.00996 V          ; 0.121 V                              ; 0.03 V                               ; 4.64e-10 s                  ; 4.47e-10 s                  ; Yes                        ; Yes                        ; 2.32 V                      ; 6.92e-07 V                  ; 2.35 V             ; -0.00996 V         ; 0.121 V                             ; 0.03 V                              ; 4.64e-10 s                 ; 4.47e-10 s                 ; Yes                       ; Yes                       ;
; SEG4[3]       ; 2.5 V        ; 0 s                 ; 0 s                 ; 2.32 V                       ; 6.92e-07 V                   ; 2.35 V              ; -0.00996 V          ; 0.121 V                              ; 0.03 V                               ; 4.64e-10 s                  ; 4.47e-10 s                  ; Yes                        ; Yes                        ; 2.32 V                      ; 6.92e-07 V                  ; 2.35 V             ; -0.00996 V         ; 0.121 V                             ; 0.03 V                              ; 4.64e-10 s                 ; 4.47e-10 s                 ; Yes                       ; Yes                       ;
; SEG4[4]       ; 2.5 V        ; 0 s                 ; 0 s                 ; 2.32 V                       ; 6.92e-07 V                   ; 2.35 V              ; -0.00996 V          ; 0.121 V                              ; 0.03 V                               ; 4.64e-10 s                  ; 4.47e-10 s                  ; Yes                        ; Yes                        ; 2.32 V                      ; 6.92e-07 V                  ; 2.35 V             ; -0.00996 V         ; 0.121 V                             ; 0.03 V                              ; 4.64e-10 s                 ; 4.47e-10 s                 ; Yes                       ; Yes                       ;
; SEG4[5]       ; 2.5 V        ; 0 s                 ; 0 s                 ; 2.32 V                       ; 6.92e-07 V                   ; 2.35 V              ; -0.00996 V          ; 0.121 V                              ; 0.03 V                               ; 4.64e-10 s                  ; 4.47e-10 s                  ; Yes                        ; Yes                        ; 2.32 V                      ; 6.92e-07 V                  ; 2.35 V             ; -0.00996 V         ; 0.121 V                             ; 0.03 V                              ; 4.64e-10 s                 ; 4.47e-10 s                 ; Yes                       ; Yes                       ;
; SEG4[6]       ; 2.5 V        ; 0 s                 ; 0 s                 ; 2.32 V                       ; 6.92e-07 V                   ; 2.35 V              ; -0.00996 V          ; 0.121 V                              ; 0.03 V                               ; 4.64e-10 s                  ; 4.47e-10 s                  ; Yes                        ; Yes                        ; 2.32 V                      ; 6.92e-07 V                  ; 2.35 V             ; -0.00996 V         ; 0.121 V                             ; 0.03 V                              ; 4.64e-10 s                 ; 4.47e-10 s                 ; Yes                       ; Yes                       ;
; SEG5[0]       ; 2.5 V        ; 0 s                 ; 0 s                 ; 2.32 V                       ; 6.92e-07 V                   ; 2.35 V              ; -0.00996 V          ; 0.121 V                              ; 0.03 V                               ; 4.64e-10 s                  ; 4.47e-10 s                  ; Yes                        ; Yes                        ; 2.32 V                      ; 6.92e-07 V                  ; 2.35 V             ; -0.00996 V         ; 0.121 V                             ; 0.03 V                              ; 4.64e-10 s                 ; 4.47e-10 s                 ; Yes                       ; Yes                       ;
; SEG5[1]       ; 2.5 V        ; 0 s                 ; 0 s                 ; 2.32 V                       ; 6.92e-07 V                   ; 2.33 V              ; -0.00265 V          ; 0.133 V                              ; 0.056 V                              ; 3.55e-09 s                  ; 3.31e-09 s                  ; Yes                        ; Yes                        ; 2.32 V                      ; 6.92e-07 V                  ; 2.33 V             ; -0.00265 V         ; 0.133 V                             ; 0.056 V                             ; 3.55e-09 s                 ; 3.31e-09 s                 ; Yes                       ; Yes                       ;
; SEG5[2]       ; 2.5 V        ; 0 s                 ; 0 s                 ; 2.32 V                       ; 6.92e-07 V                   ; 2.35 V              ; -0.00996 V          ; 0.121 V                              ; 0.03 V                               ; 4.64e-10 s                  ; 4.47e-10 s                  ; Yes                        ; Yes                        ; 2.32 V                      ; 6.92e-07 V                  ; 2.35 V             ; -0.00996 V         ; 0.121 V                             ; 0.03 V                              ; 4.64e-10 s                 ; 4.47e-10 s                 ; Yes                       ; Yes                       ;
; SEG5[3]       ; 2.5 V        ; 0 s                 ; 0 s                 ; 2.32 V                       ; 6.92e-07 V                   ; 2.35 V              ; -0.00996 V          ; 0.121 V                              ; 0.03 V                               ; 4.64e-10 s                  ; 4.47e-10 s                  ; Yes                        ; Yes                        ; 2.32 V                      ; 6.92e-07 V                  ; 2.35 V             ; -0.00996 V         ; 0.121 V                             ; 0.03 V                              ; 4.64e-10 s                 ; 4.47e-10 s                 ; Yes                       ; Yes                       ;
; SEG5[4]       ; 2.5 V        ; 0 s                 ; 0 s                 ; 2.32 V                       ; 6.92e-07 V                   ; 2.35 V              ; -0.00996 V          ; 0.121 V                              ; 0.03 V                               ; 4.64e-10 s                  ; 4.47e-10 s                  ; Yes                        ; Yes                        ; 2.32 V                      ; 6.92e-07 V                  ; 2.35 V             ; -0.00996 V         ; 0.121 V                             ; 0.03 V                              ; 4.64e-10 s                 ; 4.47e-10 s                 ; Yes                       ; Yes                       ;
; SEG5[5]       ; 2.5 V        ; 0 s                 ; 0 s                 ; 2.32 V                       ; 6.92e-07 V                   ; 2.35 V              ; -0.00996 V          ; 0.121 V                              ; 0.03 V                               ; 4.64e-10 s                  ; 4.47e-10 s                  ; Yes                        ; Yes                        ; 2.32 V                      ; 6.92e-07 V                  ; 2.35 V             ; -0.00996 V         ; 0.121 V                             ; 0.03 V                              ; 4.64e-10 s                 ; 4.47e-10 s                 ; Yes                       ; Yes                       ;
; SEG5[6]       ; 2.5 V        ; 0 s                 ; 0 s                 ; 2.32 V                       ; 6.92e-07 V                   ; 2.35 V              ; -0.00996 V          ; 0.121 V                              ; 0.03 V                               ; 4.64e-10 s                  ; 4.47e-10 s                  ; Yes                        ; Yes                        ; 2.32 V                      ; 6.92e-07 V                  ; 2.35 V             ; -0.00996 V         ; 0.121 V                             ; 0.03 V                              ; 4.64e-10 s                 ; 4.47e-10 s                 ; Yes                       ; Yes                       ;
; SEG6[0]       ; 2.5 V        ; 0 s                 ; 0 s                 ; 2.32 V                       ; 6.92e-07 V                   ; 2.35 V              ; -0.00996 V          ; 0.121 V                              ; 0.03 V                               ; 4.64e-10 s                  ; 4.47e-10 s                  ; Yes                        ; Yes                        ; 2.32 V                      ; 6.92e-07 V                  ; 2.35 V             ; -0.00996 V         ; 0.121 V                             ; 0.03 V                              ; 4.64e-10 s                 ; 4.47e-10 s                 ; Yes                       ; Yes                       ;
; SEG6[1]       ; 2.5 V        ; 0 s                 ; 0 s                 ; 2.32 V                       ; 6.92e-07 V                   ; 2.35 V              ; -0.00996 V          ; 0.121 V                              ; 0.03 V                               ; 4.64e-10 s                  ; 4.47e-10 s                  ; Yes                        ; Yes                        ; 2.32 V                      ; 6.92e-07 V                  ; 2.35 V             ; -0.00996 V         ; 0.121 V                             ; 0.03 V                              ; 4.64e-10 s                 ; 4.47e-10 s                 ; Yes                       ; Yes                       ;
; SEG6[2]       ; 2.5 V        ; 0 s                 ; 0 s                 ; 2.32 V                       ; 6.92e-07 V                   ; 2.35 V              ; -0.00996 V          ; 0.121 V                              ; 0.03 V                               ; 4.64e-10 s                  ; 4.47e-10 s                  ; Yes                        ; Yes                        ; 2.32 V                      ; 6.92e-07 V                  ; 2.35 V             ; -0.00996 V         ; 0.121 V                             ; 0.03 V                              ; 4.64e-10 s                 ; 4.47e-10 s                 ; Yes                       ; Yes                       ;
; SEG6[3]       ; 2.5 V        ; 0 s                 ; 0 s                 ; 2.32 V                       ; 6.92e-07 V                   ; 2.35 V              ; -0.00996 V          ; 0.121 V                              ; 0.03 V                               ; 4.64e-10 s                  ; 4.47e-10 s                  ; Yes                        ; Yes                        ; 2.32 V                      ; 6.92e-07 V                  ; 2.35 V             ; -0.00996 V         ; 0.121 V                             ; 0.03 V                              ; 4.64e-10 s                 ; 4.47e-10 s                 ; Yes                       ; Yes                       ;
; SEG6[4]       ; 2.5 V        ; 0 s                 ; 0 s                 ; 2.32 V                       ; 6.92e-07 V                   ; 2.35 V              ; -0.00996 V          ; 0.121 V                              ; 0.03 V                               ; 4.64e-10 s                  ; 4.47e-10 s                  ; Yes                        ; Yes                        ; 2.32 V                      ; 6.92e-07 V                  ; 2.35 V             ; -0.00996 V         ; 0.121 V                             ; 0.03 V                              ; 4.64e-10 s                 ; 4.47e-10 s                 ; Yes                       ; Yes                       ;
; SEG6[5]       ; 2.5 V        ; 0 s                 ; 0 s                 ; 2.32 V                       ; 6.92e-07 V                   ; 2.33 V              ; -0.00265 V          ; 0.133 V                              ; 0.056 V                              ; 3.55e-09 s                  ; 3.31e-09 s                  ; Yes                        ; Yes                        ; 2.32 V                      ; 6.92e-07 V                  ; 2.33 V             ; -0.00265 V         ; 0.133 V                             ; 0.056 V                             ; 3.55e-09 s                 ; 3.31e-09 s                 ; Yes                       ; Yes                       ;
; SEG6[6]       ; 2.5 V        ; 0 s                 ; 0 s                 ; 2.32 V                       ; 6.92e-07 V                   ; 2.35 V              ; -0.00996 V          ; 0.121 V                              ; 0.03 V                               ; 4.64e-10 s                  ; 4.47e-10 s                  ; Yes                        ; Yes                        ; 2.32 V                      ; 6.92e-07 V                  ; 2.35 V             ; -0.00996 V         ; 0.121 V                             ; 0.03 V                              ; 4.64e-10 s                 ; 4.47e-10 s                 ; Yes                       ; Yes                       ;
; SEG7[0]       ; 2.5 V        ; 0 s                 ; 0 s                 ; 2.32 V                       ; 6.92e-07 V                   ; 2.35 V              ; -0.00996 V          ; 0.121 V                              ; 0.03 V                               ; 4.64e-10 s                  ; 4.47e-10 s                  ; Yes                        ; Yes                        ; 2.32 V                      ; 6.92e-07 V                  ; 2.35 V             ; -0.00996 V         ; 0.121 V                             ; 0.03 V                              ; 4.64e-10 s                 ; 4.47e-10 s                 ; Yes                       ; Yes                       ;
; SEG7[1]       ; 2.5 V        ; 0 s                 ; 0 s                 ; 2.32 V                       ; 6.92e-07 V                   ; 2.35 V              ; -0.00996 V          ; 0.121 V                              ; 0.03 V                               ; 4.64e-10 s                  ; 4.47e-10 s                  ; Yes                        ; Yes                        ; 2.32 V                      ; 6.92e-07 V                  ; 2.35 V             ; -0.00996 V         ; 0.121 V                             ; 0.03 V                              ; 4.64e-10 s                 ; 4.47e-10 s                 ; Yes                       ; Yes                       ;
; SEG7[2]       ; 2.5 V        ; 0 s                 ; 0 s                 ; 2.32 V                       ; 6.92e-07 V                   ; 2.35 V              ; -0.00996 V          ; 0.121 V                              ; 0.03 V                               ; 4.64e-10 s                  ; 4.47e-10 s                  ; Yes                        ; Yes                        ; 2.32 V                      ; 6.92e-07 V                  ; 2.35 V             ; -0.00996 V         ; 0.121 V                             ; 0.03 V                              ; 4.64e-10 s                 ; 4.47e-10 s                 ; Yes                       ; Yes                       ;
; SEG7[3]       ; 2.5 V        ; 0 s                 ; 0 s                 ; 2.32 V                       ; 6.92e-07 V                   ; 2.35 V              ; -0.00996 V          ; 0.121 V                              ; 0.03 V                               ; 4.64e-10 s                  ; 4.47e-10 s                  ; Yes                        ; Yes                        ; 2.32 V                      ; 6.92e-07 V                  ; 2.35 V             ; -0.00996 V         ; 0.121 V                             ; 0.03 V                              ; 4.64e-10 s                 ; 4.47e-10 s                 ; Yes                       ; Yes                       ;
; SEG7[4]       ; 2.5 V        ; 0 s                 ; 0 s                 ; 2.32 V                       ; 6.92e-07 V                   ; 2.35 V              ; -0.00996 V          ; 0.121 V                              ; 0.03 V                               ; 4.64e-10 s                  ; 4.47e-10 s                  ; Yes                        ; Yes                        ; 2.32 V                      ; 6.92e-07 V                  ; 2.35 V             ; -0.00996 V         ; 0.121 V                             ; 0.03 V                              ; 4.64e-10 s                 ; 4.47e-10 s                 ; Yes                       ; Yes                       ;
; SEG7[5]       ; 2.5 V        ; 0 s                 ; 0 s                 ; 2.32 V                       ; 6.92e-07 V                   ; 2.35 V              ; -0.00996 V          ; 0.121 V                              ; 0.03 V                               ; 4.64e-10 s                  ; 4.47e-10 s                  ; Yes                        ; Yes                        ; 2.32 V                      ; 6.92e-07 V                  ; 2.35 V             ; -0.00996 V         ; 0.121 V                             ; 0.03 V                              ; 4.64e-10 s                 ; 4.47e-10 s                 ; Yes                       ; Yes                       ;
; SEG7[6]       ; 2.5 V        ; 0 s                 ; 0 s                 ; 2.32 V                       ; 6.92e-07 V                   ; 2.35 V              ; -0.00996 V          ; 0.121 V                              ; 0.03 V                               ; 4.64e-10 s                  ; 4.47e-10 s                  ; Yes                        ; Yes                        ; 2.32 V                      ; 6.92e-07 V                  ; 2.35 V             ; -0.00996 V         ; 0.121 V                             ; 0.03 V                              ; 4.64e-10 s                 ; 4.47e-10 s                 ; Yes                       ; Yes                       ;
; ~ALTERA_DCLK~ ; 2.5 V        ; 0 s                 ; 0 s                 ; 2.32 V                       ; 3.75e-07 V                   ; 2.35 V              ; -0.0109 V           ; 0.084 V                              ; 0.027 V                              ; 4.31e-10 s                  ; 3.61e-10 s                  ; Yes                        ; Yes                        ; 2.32 V                      ; 3.75e-07 V                  ; 2.35 V             ; -0.0109 V          ; 0.084 V                             ; 0.027 V                             ; 4.31e-10 s                 ; 3.61e-10 s                 ; Yes                       ; Yes                       ;
; ~ALTERA_nCEO~ ; 2.5 V        ; 0 s                 ; 0 s                 ; 2.32 V                       ; 6.15e-07 V                   ; 2.35 V              ; -0.00712 V          ; 0.093 V                              ; 0.02 V                               ; 6.21e-10 s                  ; 7.9e-10 s                   ; Yes                        ; Yes                        ; 2.32 V                      ; 6.15e-07 V                  ; 2.35 V             ; -0.00712 V         ; 0.093 V                             ; 0.02 V                              ; 6.21e-10 s                 ; 7.9e-10 s                  ; Yes                       ; Yes                       ;
+---------------+--------------+---------------------+---------------------+------------------------------+------------------------------+---------------------+---------------------+--------------------------------------+--------------------------------------+-----------------------------+-----------------------------+----------------------------+----------------------------+-----------------------------+-----------------------------+--------------------+--------------------+-------------------------------------+-------------------------------------+----------------------------+----------------------------+---------------------------+---------------------------+


+--------------------------------------------------------------------------------------------------------------------------------------------------------------------------------------------------------------------------------------------------------------------------------------------------------------------------------------------------------------------------------------------------------------------------------------------------------------------------------------------------------------------------------------------------------------------------------------------------------------------------------------------------------------------------------------------+
; Signal Integrity Metrics (Fast 1200mv 0c Model)                                                                                                                                                                                                                                                                                                                                                                                                                                                                                                                                                                                                                                            ;
+---------------+--------------+---------------------+---------------------+------------------------------+------------------------------+---------------------+---------------------+--------------------------------------+--------------------------------------+-----------------------------+-----------------------------+----------------------------+----------------------------+-----------------------------+-----------------------------+--------------------+--------------------+-------------------------------------+-------------------------------------+----------------------------+----------------------------+---------------------------+---------------------------+
; Pin           ; I/O Standard ; Board Delay on Rise ; Board Delay on Fall ; Steady State Voh at FPGA Pin ; Steady State Vol at FPGA Pin ; Voh Max at FPGA Pin ; Vol Min at FPGA Pin ; Ringback Voltage on Rise at FPGA Pin ; Ringback Voltage on Fall at FPGA Pin ; 10-90 Rise Time at FPGA Pin ; 90-10 Fall Time at FPGA Pin ; Monotonic Rise at FPGA Pin ; Monotonic Fall at FPGA Pin ; Steady State Voh at Far-end ; Steady State Vol at Far-end ; Voh Max at Far-end ; Vol Min at Far-end ; Ringback Voltage on Rise at Far-end ; Ringback Voltage on Fall at Far-end ; 10-90 Rise Time at Far-end ; 90-10 Fall Time at Far-end ; Monotonic Rise at Far-end ; Monotonic Fall at Far-end ;
+---------------+--------------+---------------------+---------------------+------------------------------+------------------------------+---------------------+---------------------+--------------------------------------+--------------------------------------+-----------------------------+-----------------------------+----------------------------+----------------------------+-----------------------------+-----------------------------+--------------------+--------------------+-------------------------------------+-------------------------------------+----------------------------+----------------------------+---------------------------+---------------------------+
; SEG0[0]       ; 2.5 V        ; 0 s                 ; 0 s                 ; 2.62 V                       ; 4.05e-08 V                   ; 2.72 V              ; -0.0349 V           ; 0.173 V                              ; 0.1 V                                ; 2.72e-10 s                  ; 2.69e-10 s                  ; Yes                        ; Yes                        ; 2.62 V                      ; 4.05e-08 V                  ; 2.72 V             ; -0.0349 V          ; 0.173 V                             ; 0.1 V                               ; 2.72e-10 s                 ; 2.69e-10 s                 ; Yes                       ; Yes                       ;
; SEG0[1]       ; 2.5 V        ; 0 s                 ; 0 s                 ; 2.62 V                       ; 4.05e-08 V                   ; 2.64 V              ; -0.0113 V           ; 0.208 V                              ; 0.179 V                              ; 2.38e-09 s                  ; 2.23e-09 s                  ; No                         ; Yes                        ; 2.62 V                      ; 4.05e-08 V                  ; 2.64 V             ; -0.0113 V          ; 0.208 V                             ; 0.179 V                             ; 2.38e-09 s                 ; 2.23e-09 s                 ; No                        ; Yes                       ;
; SEG0[2]       ; 2.5 V        ; 0 s                 ; 0 s                 ; 2.62 V                       ; 4.05e-08 V                   ; 2.72 V              ; -0.0349 V           ; 0.173 V                              ; 0.1 V                                ; 2.72e-10 s                  ; 2.69e-10 s                  ; Yes                        ; Yes                        ; 2.62 V                      ; 4.05e-08 V                  ; 2.72 V             ; -0.0349 V          ; 0.173 V                             ; 0.1 V                               ; 2.72e-10 s                 ; 2.69e-10 s                 ; Yes                       ; Yes                       ;
; SEG0[3]       ; 2.5 V        ; 0 s                 ; 0 s                 ; 2.62 V                       ; 2.74e-08 V                   ; 2.73 V              ; -0.0384 V           ; 0.169 V                              ; 0.089 V                              ; 2.7e-10 s                   ; 2.62e-10 s                  ; Yes                        ; Yes                        ; 2.62 V                      ; 2.74e-08 V                  ; 2.73 V             ; -0.0384 V          ; 0.169 V                             ; 0.089 V                             ; 2.7e-10 s                  ; 2.62e-10 s                 ; Yes                       ; Yes                       ;
; SEG0[4]       ; 2.5 V        ; 0 s                 ; 0 s                 ; 2.62 V                       ; 2.74e-08 V                   ; 2.73 V              ; -0.0384 V           ; 0.169 V                              ; 0.089 V                              ; 2.7e-10 s                   ; 2.62e-10 s                  ; Yes                        ; Yes                        ; 2.62 V                      ; 2.74e-08 V                  ; 2.73 V             ; -0.0384 V          ; 0.169 V                             ; 0.089 V                             ; 2.7e-10 s                  ; 2.62e-10 s                 ; Yes                       ; Yes                       ;
; SEG0[5]       ; 2.5 V        ; 0 s                 ; 0 s                 ; 2.62 V                       ; 2.74e-08 V                   ; 2.64 V              ; -0.0117 V           ; 0.202 V                              ; 0.176 V                              ; 2.38e-09 s                  ; 2.22e-09 s                  ; No                         ; Yes                        ; 2.62 V                      ; 2.74e-08 V                  ; 2.64 V             ; -0.0117 V          ; 0.202 V                             ; 0.176 V                             ; 2.38e-09 s                 ; 2.22e-09 s                 ; No                        ; Yes                       ;
; SEG0[6]       ; 2.5 V        ; 0 s                 ; 0 s                 ; 2.62 V                       ; 2.74e-08 V                   ; 2.73 V              ; -0.0384 V           ; 0.169 V                              ; 0.089 V                              ; 2.7e-10 s                   ; 2.62e-10 s                  ; Yes                        ; Yes                        ; 2.62 V                      ; 2.74e-08 V                  ; 2.73 V             ; -0.0384 V          ; 0.169 V                             ; 0.089 V                             ; 2.7e-10 s                  ; 2.62e-10 s                 ; Yes                       ; Yes                       ;
; SEG1[0]       ; 2.5 V        ; 0 s                 ; 0 s                 ; 2.62 V                       ; 2.74e-08 V                   ; 2.73 V              ; -0.0384 V           ; 0.169 V                              ; 0.089 V                              ; 2.7e-10 s                   ; 2.62e-10 s                  ; Yes                        ; Yes                        ; 2.62 V                      ; 2.74e-08 V                  ; 2.73 V             ; -0.0384 V          ; 0.169 V                             ; 0.089 V                             ; 2.7e-10 s                  ; 2.62e-10 s                 ; Yes                       ; Yes                       ;
; SEG1[1]       ; 2.5 V        ; 0 s                 ; 0 s                 ; 2.62 V                       ; 2.74e-08 V                   ; 2.71 V              ; -0.0317 V           ; 0.148 V                              ; 0.064 V                              ; 4.51e-10 s                  ; 4.15e-10 s                  ; No                         ; Yes                        ; 2.62 V                      ; 2.74e-08 V                  ; 2.71 V             ; -0.0317 V          ; 0.148 V                             ; 0.064 V                             ; 4.51e-10 s                 ; 4.15e-10 s                 ; No                        ; Yes                       ;
; SEG1[2]       ; 2.5 V        ; 0 s                 ; 0 s                 ; 2.62 V                       ; 2.74e-08 V                   ; 2.71 V              ; -0.0317 V           ; 0.148 V                              ; 0.064 V                              ; 4.51e-10 s                  ; 4.15e-10 s                  ; No                         ; Yes                        ; 2.62 V                      ; 2.74e-08 V                  ; 2.71 V             ; -0.0317 V          ; 0.148 V                             ; 0.064 V                             ; 4.51e-10 s                 ; 4.15e-10 s                 ; No                        ; Yes                       ;
; SEG1[3]       ; 2.5 V        ; 0 s                 ; 0 s                 ; 2.62 V                       ; 2.74e-08 V                   ; 2.71 V              ; -0.0317 V           ; 0.148 V                              ; 0.064 V                              ; 4.51e-10 s                  ; 4.15e-10 s                  ; No                         ; Yes                        ; 2.62 V                      ; 2.74e-08 V                  ; 2.71 V             ; -0.0317 V          ; 0.148 V                             ; 0.064 V                             ; 4.51e-10 s                 ; 4.15e-10 s                 ; No                        ; Yes                       ;
; SEG1[4]       ; 2.5 V        ; 0 s                 ; 0 s                 ; 2.62 V                       ; 2.74e-08 V                   ; 2.71 V              ; -0.0317 V           ; 0.148 V                              ; 0.064 V                              ; 4.51e-10 s                  ; 4.15e-10 s                  ; No                         ; Yes                        ; 2.62 V                      ; 2.74e-08 V                  ; 2.71 V             ; -0.0317 V          ; 0.148 V                             ; 0.064 V                             ; 4.51e-10 s                 ; 4.15e-10 s                 ; No                        ; Yes                       ;
; SEG1[5]       ; 2.5 V        ; 0 s                 ; 0 s                 ; 2.62 V                       ; 2.74e-08 V                   ; 2.64 V              ; -0.0117 V           ; 0.202 V                              ; 0.176 V                              ; 2.38e-09 s                  ; 2.22e-09 s                  ; No                         ; Yes                        ; 2.62 V                      ; 2.74e-08 V                  ; 2.64 V             ; -0.0117 V          ; 0.202 V                             ; 0.176 V                             ; 2.38e-09 s                 ; 2.22e-09 s                 ; No                        ; Yes                       ;
; SEG1[6]       ; 2.5 V        ; 0 s                 ; 0 s                 ; 2.62 V                       ; 2.74e-08 V                   ; 2.64 V              ; -0.0117 V           ; 0.202 V                              ; 0.176 V                              ; 2.38e-09 s                  ; 2.22e-09 s                  ; No                         ; Yes                        ; 2.62 V                      ; 2.74e-08 V                  ; 2.64 V             ; -0.0117 V          ; 0.202 V                             ; 0.176 V                             ; 2.38e-09 s                 ; 2.22e-09 s                 ; No                        ; Yes                       ;
; SEG2[0]       ; 2.5 V        ; 0 s                 ; 0 s                 ; 2.62 V                       ; 2.74e-08 V                   ; 2.71 V              ; -0.0317 V           ; 0.148 V                              ; 0.064 V                              ; 4.51e-10 s                  ; 4.15e-10 s                  ; No                         ; Yes                        ; 2.62 V                      ; 2.74e-08 V                  ; 2.71 V             ; -0.0317 V          ; 0.148 V                             ; 0.064 V                             ; 4.51e-10 s                 ; 4.15e-10 s                 ; No                        ; Yes                       ;
; SEG2[1]       ; 2.5 V        ; 0 s                 ; 0 s                 ; 2.62 V                       ; 2.74e-08 V                   ; 2.71 V              ; -0.0317 V           ; 0.148 V                              ; 0.064 V                              ; 4.51e-10 s                  ; 4.15e-10 s                  ; No                         ; Yes                        ; 2.62 V                      ; 2.74e-08 V                  ; 2.71 V             ; -0.0317 V          ; 0.148 V                             ; 0.064 V                             ; 4.51e-10 s                 ; 4.15e-10 s                 ; No                        ; Yes                       ;
; SEG2[2]       ; 2.5 V        ; 0 s                 ; 0 s                 ; 2.62 V                       ; 2.74e-08 V                   ; 2.71 V              ; -0.0317 V           ; 0.148 V                              ; 0.064 V                              ; 4.51e-10 s                  ; 4.15e-10 s                  ; No                         ; Yes                        ; 2.62 V                      ; 2.74e-08 V                  ; 2.71 V             ; -0.0317 V          ; 0.148 V                             ; 0.064 V                             ; 4.51e-10 s                 ; 4.15e-10 s                 ; No                        ; Yes                       ;
; SEG2[3]       ; 2.5 V        ; 0 s                 ; 0 s                 ; 2.62 V                       ; 2.74e-08 V                   ; 2.71 V              ; -0.0317 V           ; 0.148 V                              ; 0.064 V                              ; 4.51e-10 s                  ; 4.15e-10 s                  ; No                         ; Yes                        ; 2.62 V                      ; 2.74e-08 V                  ; 2.71 V             ; -0.0317 V          ; 0.148 V                             ; 0.064 V                             ; 4.51e-10 s                 ; 4.15e-10 s                 ; No                        ; Yes                       ;
; SEG2[4]       ; 2.5 V        ; 0 s                 ; 0 s                 ; 2.62 V                       ; 2.74e-08 V                   ; 2.71 V              ; -0.0317 V           ; 0.148 V                              ; 0.064 V                              ; 4.51e-10 s                  ; 4.15e-10 s                  ; No                         ; Yes                        ; 2.62 V                      ; 2.74e-08 V                  ; 2.71 V             ; -0.0317 V          ; 0.148 V                             ; 0.064 V                             ; 4.51e-10 s                 ; 4.15e-10 s                 ; No                        ; Yes                       ;
; SEG2[5]       ; 2.5 V        ; 0 s                 ; 0 s                 ; 2.62 V                       ; 2.74e-08 V                   ; 2.71 V              ; -0.0317 V           ; 0.148 V                              ; 0.064 V                              ; 4.51e-10 s                  ; 4.15e-10 s                  ; No                         ; Yes                        ; 2.62 V                      ; 2.74e-08 V                  ; 2.71 V             ; -0.0317 V          ; 0.148 V                             ; 0.064 V                             ; 4.51e-10 s                 ; 4.15e-10 s                 ; No                        ; Yes                       ;
; SEG2[6]       ; 2.5 V        ; 0 s                 ; 0 s                 ; 2.62 V                       ; 2.74e-08 V                   ; 2.71 V              ; -0.0317 V           ; 0.148 V                              ; 0.064 V                              ; 4.51e-10 s                  ; 4.15e-10 s                  ; No                         ; Yes                        ; 2.62 V                      ; 2.74e-08 V                  ; 2.71 V             ; -0.0317 V          ; 0.148 V                             ; 0.064 V                             ; 4.51e-10 s                 ; 4.15e-10 s                 ; No                        ; Yes                       ;
; SEG3[0]       ; 2.5 V        ; 0 s                 ; 0 s                 ; 2.62 V                       ; 2.74e-08 V                   ; 2.71 V              ; -0.0317 V           ; 0.148 V                              ; 0.064 V                              ; 4.51e-10 s                  ; 4.15e-10 s                  ; No                         ; Yes                        ; 2.62 V                      ; 2.74e-08 V                  ; 2.71 V             ; -0.0317 V          ; 0.148 V                             ; 0.064 V                             ; 4.51e-10 s                 ; 4.15e-10 s                 ; No                        ; Yes                       ;
; SEG3[1]       ; 2.5 V        ; 0 s                 ; 0 s                 ; 2.62 V                       ; 2.74e-08 V                   ; 2.73 V              ; -0.0384 V           ; 0.169 V                              ; 0.089 V                              ; 2.7e-10 s                   ; 2.62e-10 s                  ; Yes                        ; Yes                        ; 2.62 V                      ; 2.74e-08 V                  ; 2.73 V             ; -0.0384 V          ; 0.169 V                             ; 0.089 V                             ; 2.7e-10 s                  ; 2.62e-10 s                 ; Yes                       ; Yes                       ;
; SEG3[2]       ; 2.5 V        ; 0 s                 ; 0 s                 ; 2.62 V                       ; 4.05e-08 V                   ; 2.64 V              ; -0.0113 V           ; 0.208 V                              ; 0.179 V                              ; 2.38e-09 s                  ; 2.23e-09 s                  ; No                         ; Yes                        ; 2.62 V                      ; 4.05e-08 V                  ; 2.64 V             ; -0.0113 V          ; 0.208 V                             ; 0.179 V                             ; 2.38e-09 s                 ; 2.23e-09 s                 ; No                        ; Yes                       ;
; SEG3[3]       ; 2.5 V        ; 0 s                 ; 0 s                 ; 2.62 V                       ; 4.05e-08 V                   ; 2.72 V              ; -0.0349 V           ; 0.173 V                              ; 0.1 V                                ; 2.72e-10 s                  ; 2.69e-10 s                  ; Yes                        ; Yes                        ; 2.62 V                      ; 4.05e-08 V                  ; 2.72 V             ; -0.0349 V          ; 0.173 V                             ; 0.1 V                               ; 2.72e-10 s                 ; 2.69e-10 s                 ; Yes                       ; Yes                       ;
; SEG3[4]       ; 2.5 V        ; 0 s                 ; 0 s                 ; 2.62 V                       ; 4.05e-08 V                   ; 2.72 V              ; -0.0349 V           ; 0.173 V                              ; 0.1 V                                ; 2.72e-10 s                  ; 2.69e-10 s                  ; Yes                        ; Yes                        ; 2.62 V                      ; 4.05e-08 V                  ; 2.72 V             ; -0.0349 V          ; 0.173 V                             ; 0.1 V                               ; 2.72e-10 s                 ; 2.69e-10 s                 ; Yes                       ; Yes                       ;
; SEG3[5]       ; 2.5 V        ; 0 s                 ; 0 s                 ; 2.62 V                       ; 4.05e-08 V                   ; 2.72 V              ; -0.0349 V           ; 0.173 V                              ; 0.1 V                                ; 2.72e-10 s                  ; 2.69e-10 s                  ; Yes                        ; Yes                        ; 2.62 V                      ; 4.05e-08 V                  ; 2.72 V             ; -0.0349 V          ; 0.173 V                             ; 0.1 V                               ; 2.72e-10 s                 ; 2.69e-10 s                 ; Yes                       ; Yes                       ;
; SEG3[6]       ; 2.5 V        ; 0 s                 ; 0 s                 ; 2.62 V                       ; 4.05e-08 V                   ; 2.72 V              ; -0.0349 V           ; 0.173 V                              ; 0.1 V                                ; 2.72e-10 s                  ; 2.69e-10 s                  ; Yes                        ; Yes                        ; 2.62 V                      ; 4.05e-08 V                  ; 2.72 V             ; -0.0349 V          ; 0.173 V                             ; 0.1 V                               ; 2.72e-10 s                 ; 2.69e-10 s                 ; Yes                       ; Yes                       ;
; SEG4[0]       ; 2.5 V        ; 0 s                 ; 0 s                 ; 2.62 V                       ; 4.05e-08 V                   ; 2.72 V              ; -0.0349 V           ; 0.173 V                              ; 0.1 V                                ; 2.72e-10 s                  ; 2.69e-10 s                  ; Yes                        ; Yes                        ; 2.62 V                      ; 4.05e-08 V                  ; 2.72 V             ; -0.0349 V          ; 0.173 V                             ; 0.1 V                               ; 2.72e-10 s                 ; 2.69e-10 s                 ; Yes                       ; Yes                       ;
; SEG4[1]       ; 2.5 V        ; 0 s                 ; 0 s                 ; 2.62 V                       ; 4.05e-08 V                   ; 2.72 V              ; -0.0349 V           ; 0.173 V                              ; 0.1 V                                ; 2.72e-10 s                  ; 2.69e-10 s                  ; Yes                        ; Yes                        ; 2.62 V                      ; 4.05e-08 V                  ; 2.72 V             ; -0.0349 V          ; 0.173 V                             ; 0.1 V                               ; 2.72e-10 s                 ; 2.69e-10 s                 ; Yes                       ; Yes                       ;
; SEG4[2]       ; 2.5 V        ; 0 s                 ; 0 s                 ; 2.62 V                       ; 4.05e-08 V                   ; 2.72 V              ; -0.0349 V           ; 0.173 V                              ; 0.1 V                                ; 2.72e-10 s                  ; 2.69e-10 s                  ; Yes                        ; Yes                        ; 2.62 V                      ; 4.05e-08 V                  ; 2.72 V             ; -0.0349 V          ; 0.173 V                             ; 0.1 V                               ; 2.72e-10 s                 ; 2.69e-10 s                 ; Yes                       ; Yes                       ;
; SEG4[3]       ; 2.5 V        ; 0 s                 ; 0 s                 ; 2.62 V                       ; 4.05e-08 V                   ; 2.72 V              ; -0.0349 V           ; 0.173 V                              ; 0.1 V                                ; 2.72e-10 s                  ; 2.69e-10 s                  ; Yes                        ; Yes                        ; 2.62 V                      ; 4.05e-08 V                  ; 2.72 V             ; -0.0349 V          ; 0.173 V                             ; 0.1 V                               ; 2.72e-10 s                 ; 2.69e-10 s                 ; Yes                       ; Yes                       ;
; SEG4[4]       ; 2.5 V        ; 0 s                 ; 0 s                 ; 2.62 V                       ; 4.05e-08 V                   ; 2.72 V              ; -0.0349 V           ; 0.173 V                              ; 0.1 V                                ; 2.72e-10 s                  ; 2.69e-10 s                  ; Yes                        ; Yes                        ; 2.62 V                      ; 4.05e-08 V                  ; 2.72 V             ; -0.0349 V          ; 0.173 V                             ; 0.1 V                               ; 2.72e-10 s                 ; 2.69e-10 s                 ; Yes                       ; Yes                       ;
; SEG4[5]       ; 2.5 V        ; 0 s                 ; 0 s                 ; 2.62 V                       ; 4.05e-08 V                   ; 2.72 V              ; -0.0349 V           ; 0.173 V                              ; 0.1 V                                ; 2.72e-10 s                  ; 2.69e-10 s                  ; Yes                        ; Yes                        ; 2.62 V                      ; 4.05e-08 V                  ; 2.72 V             ; -0.0349 V          ; 0.173 V                             ; 0.1 V                               ; 2.72e-10 s                 ; 2.69e-10 s                 ; Yes                       ; Yes                       ;
; SEG4[6]       ; 2.5 V        ; 0 s                 ; 0 s                 ; 2.62 V                       ; 4.05e-08 V                   ; 2.72 V              ; -0.0349 V           ; 0.173 V                              ; 0.1 V                                ; 2.72e-10 s                  ; 2.69e-10 s                  ; Yes                        ; Yes                        ; 2.62 V                      ; 4.05e-08 V                  ; 2.72 V             ; -0.0349 V          ; 0.173 V                             ; 0.1 V                               ; 2.72e-10 s                 ; 2.69e-10 s                 ; Yes                       ; Yes                       ;
; SEG5[0]       ; 2.5 V        ; 0 s                 ; 0 s                 ; 2.62 V                       ; 4.05e-08 V                   ; 2.72 V              ; -0.0349 V           ; 0.173 V                              ; 0.1 V                                ; 2.72e-10 s                  ; 2.69e-10 s                  ; Yes                        ; Yes                        ; 2.62 V                      ; 4.05e-08 V                  ; 2.72 V             ; -0.0349 V          ; 0.173 V                             ; 0.1 V                               ; 2.72e-10 s                 ; 2.69e-10 s                 ; Yes                       ; Yes                       ;
; SEG5[1]       ; 2.5 V        ; 0 s                 ; 0 s                 ; 2.62 V                       ; 4.05e-08 V                   ; 2.64 V              ; -0.0113 V           ; 0.208 V                              ; 0.179 V                              ; 2.38e-09 s                  ; 2.23e-09 s                  ; No                         ; Yes                        ; 2.62 V                      ; 4.05e-08 V                  ; 2.64 V             ; -0.0113 V          ; 0.208 V                             ; 0.179 V                             ; 2.38e-09 s                 ; 2.23e-09 s                 ; No                        ; Yes                       ;
; SEG5[2]       ; 2.5 V        ; 0 s                 ; 0 s                 ; 2.62 V                       ; 4.05e-08 V                   ; 2.72 V              ; -0.0349 V           ; 0.173 V                              ; 0.1 V                                ; 2.72e-10 s                  ; 2.69e-10 s                  ; Yes                        ; Yes                        ; 2.62 V                      ; 4.05e-08 V                  ; 2.72 V             ; -0.0349 V          ; 0.173 V                             ; 0.1 V                               ; 2.72e-10 s                 ; 2.69e-10 s                 ; Yes                       ; Yes                       ;
; SEG5[3]       ; 2.5 V        ; 0 s                 ; 0 s                 ; 2.62 V                       ; 4.05e-08 V                   ; 2.72 V              ; -0.0349 V           ; 0.173 V                              ; 0.1 V                                ; 2.72e-10 s                  ; 2.69e-10 s                  ; Yes                        ; Yes                        ; 2.62 V                      ; 4.05e-08 V                  ; 2.72 V             ; -0.0349 V          ; 0.173 V                             ; 0.1 V                               ; 2.72e-10 s                 ; 2.69e-10 s                 ; Yes                       ; Yes                       ;
; SEG5[4]       ; 2.5 V        ; 0 s                 ; 0 s                 ; 2.62 V                       ; 4.05e-08 V                   ; 2.72 V              ; -0.0349 V           ; 0.173 V                              ; 0.1 V                                ; 2.72e-10 s                  ; 2.69e-10 s                  ; Yes                        ; Yes                        ; 2.62 V                      ; 4.05e-08 V                  ; 2.72 V             ; -0.0349 V          ; 0.173 V                             ; 0.1 V                               ; 2.72e-10 s                 ; 2.69e-10 s                 ; Yes                       ; Yes                       ;
; SEG5[5]       ; 2.5 V        ; 0 s                 ; 0 s                 ; 2.62 V                       ; 4.05e-08 V                   ; 2.72 V              ; -0.0349 V           ; 0.173 V                              ; 0.1 V                                ; 2.72e-10 s                  ; 2.69e-10 s                  ; Yes                        ; Yes                        ; 2.62 V                      ; 4.05e-08 V                  ; 2.72 V             ; -0.0349 V          ; 0.173 V                             ; 0.1 V                               ; 2.72e-10 s                 ; 2.69e-10 s                 ; Yes                       ; Yes                       ;
; SEG5[6]       ; 2.5 V        ; 0 s                 ; 0 s                 ; 2.62 V                       ; 4.05e-08 V                   ; 2.72 V              ; -0.0349 V           ; 0.173 V                              ; 0.1 V                                ; 2.72e-10 s                  ; 2.69e-10 s                  ; Yes                        ; Yes                        ; 2.62 V                      ; 4.05e-08 V                  ; 2.72 V             ; -0.0349 V          ; 0.173 V                             ; 0.1 V                               ; 2.72e-10 s                 ; 2.69e-10 s                 ; Yes                       ; Yes                       ;
; SEG6[0]       ; 2.5 V        ; 0 s                 ; 0 s                 ; 2.62 V                       ; 4.05e-08 V                   ; 2.72 V              ; -0.0349 V           ; 0.173 V                              ; 0.1 V                                ; 2.72e-10 s                  ; 2.69e-10 s                  ; Yes                        ; Yes                        ; 2.62 V                      ; 4.05e-08 V                  ; 2.72 V             ; -0.0349 V          ; 0.173 V                             ; 0.1 V                               ; 2.72e-10 s                 ; 2.69e-10 s                 ; Yes                       ; Yes                       ;
; SEG6[1]       ; 2.5 V        ; 0 s                 ; 0 s                 ; 2.62 V                       ; 4.05e-08 V                   ; 2.72 V              ; -0.0349 V           ; 0.173 V                              ; 0.1 V                                ; 2.72e-10 s                  ; 2.69e-10 s                  ; Yes                        ; Yes                        ; 2.62 V                      ; 4.05e-08 V                  ; 2.72 V             ; -0.0349 V          ; 0.173 V                             ; 0.1 V                               ; 2.72e-10 s                 ; 2.69e-10 s                 ; Yes                       ; Yes                       ;
; SEG6[2]       ; 2.5 V        ; 0 s                 ; 0 s                 ; 2.62 V                       ; 4.05e-08 V                   ; 2.72 V              ; -0.0349 V           ; 0.173 V                              ; 0.1 V                                ; 2.72e-10 s                  ; 2.69e-10 s                  ; Yes                        ; Yes                        ; 2.62 V                      ; 4.05e-08 V                  ; 2.72 V             ; -0.0349 V          ; 0.173 V                             ; 0.1 V                               ; 2.72e-10 s                 ; 2.69e-10 s                 ; Yes                       ; Yes                       ;
; SEG6[3]       ; 2.5 V        ; 0 s                 ; 0 s                 ; 2.62 V                       ; 4.05e-08 V                   ; 2.72 V              ; -0.0349 V           ; 0.173 V                              ; 0.1 V                                ; 2.72e-10 s                  ; 2.69e-10 s                  ; Yes                        ; Yes                        ; 2.62 V                      ; 4.05e-08 V                  ; 2.72 V             ; -0.0349 V          ; 0.173 V                             ; 0.1 V                               ; 2.72e-10 s                 ; 2.69e-10 s                 ; Yes                       ; Yes                       ;
; SEG6[4]       ; 2.5 V        ; 0 s                 ; 0 s                 ; 2.62 V                       ; 4.05e-08 V                   ; 2.72 V              ; -0.0349 V           ; 0.173 V                              ; 0.1 V                                ; 2.72e-10 s                  ; 2.69e-10 s                  ; Yes                        ; Yes                        ; 2.62 V                      ; 4.05e-08 V                  ; 2.72 V             ; -0.0349 V          ; 0.173 V                             ; 0.1 V                               ; 2.72e-10 s                 ; 2.69e-10 s                 ; Yes                       ; Yes                       ;
; SEG6[5]       ; 2.5 V        ; 0 s                 ; 0 s                 ; 2.62 V                       ; 4.05e-08 V                   ; 2.64 V              ; -0.0113 V           ; 0.208 V                              ; 0.179 V                              ; 2.38e-09 s                  ; 2.23e-09 s                  ; No                         ; Yes                        ; 2.62 V                      ; 4.05e-08 V                  ; 2.64 V             ; -0.0113 V          ; 0.208 V                             ; 0.179 V                             ; 2.38e-09 s                 ; 2.23e-09 s                 ; No                        ; Yes                       ;
; SEG6[6]       ; 2.5 V        ; 0 s                 ; 0 s                 ; 2.62 V                       ; 4.05e-08 V                   ; 2.72 V              ; -0.0349 V           ; 0.173 V                              ; 0.1 V                                ; 2.72e-10 s                  ; 2.69e-10 s                  ; Yes                        ; Yes                        ; 2.62 V                      ; 4.05e-08 V                  ; 2.72 V             ; -0.0349 V          ; 0.173 V                             ; 0.1 V                               ; 2.72e-10 s                 ; 2.69e-10 s                 ; Yes                       ; Yes                       ;
; SEG7[0]       ; 2.5 V        ; 0 s                 ; 0 s                 ; 2.62 V                       ; 4.05e-08 V                   ; 2.72 V              ; -0.0349 V           ; 0.173 V                              ; 0.1 V                                ; 2.72e-10 s                  ; 2.69e-10 s                  ; Yes                        ; Yes                        ; 2.62 V                      ; 4.05e-08 V                  ; 2.72 V             ; -0.0349 V          ; 0.173 V                             ; 0.1 V                               ; 2.72e-10 s                 ; 2.69e-10 s                 ; Yes                       ; Yes                       ;
; SEG7[1]       ; 2.5 V        ; 0 s                 ; 0 s                 ; 2.62 V                       ; 4.05e-08 V                   ; 2.72 V              ; -0.0349 V           ; 0.173 V                              ; 0.1 V                                ; 2.72e-10 s                  ; 2.69e-10 s                  ; Yes                        ; Yes                        ; 2.62 V                      ; 4.05e-08 V                  ; 2.72 V             ; -0.0349 V          ; 0.173 V                             ; 0.1 V                               ; 2.72e-10 s                 ; 2.69e-10 s                 ; Yes                       ; Yes                       ;
; SEG7[2]       ; 2.5 V        ; 0 s                 ; 0 s                 ; 2.62 V                       ; 4.05e-08 V                   ; 2.72 V              ; -0.0349 V           ; 0.173 V                              ; 0.1 V                                ; 2.72e-10 s                  ; 2.69e-10 s                  ; Yes                        ; Yes                        ; 2.62 V                      ; 4.05e-08 V                  ; 2.72 V             ; -0.0349 V          ; 0.173 V                             ; 0.1 V                               ; 2.72e-10 s                 ; 2.69e-10 s                 ; Yes                       ; Yes                       ;
; SEG7[3]       ; 2.5 V        ; 0 s                 ; 0 s                 ; 2.62 V                       ; 4.05e-08 V                   ; 2.72 V              ; -0.0349 V           ; 0.173 V                              ; 0.1 V                                ; 2.72e-10 s                  ; 2.69e-10 s                  ; Yes                        ; Yes                        ; 2.62 V                      ; 4.05e-08 V                  ; 2.72 V             ; -0.0349 V          ; 0.173 V                             ; 0.1 V                               ; 2.72e-10 s                 ; 2.69e-10 s                 ; Yes                       ; Yes                       ;
; SEG7[4]       ; 2.5 V        ; 0 s                 ; 0 s                 ; 2.62 V                       ; 4.05e-08 V                   ; 2.72 V              ; -0.0349 V           ; 0.173 V                              ; 0.1 V                                ; 2.72e-10 s                  ; 2.69e-10 s                  ; Yes                        ; Yes                        ; 2.62 V                      ; 4.05e-08 V                  ; 2.72 V             ; -0.0349 V          ; 0.173 V                             ; 0.1 V                               ; 2.72e-10 s                 ; 2.69e-10 s                 ; Yes                       ; Yes                       ;
; SEG7[5]       ; 2.5 V        ; 0 s                 ; 0 s                 ; 2.62 V                       ; 4.05e-08 V                   ; 2.72 V              ; -0.0349 V           ; 0.173 V                              ; 0.1 V                                ; 2.72e-10 s                  ; 2.69e-10 s                  ; Yes                        ; Yes                        ; 2.62 V                      ; 4.05e-08 V                  ; 2.72 V             ; -0.0349 V          ; 0.173 V                             ; 0.1 V                               ; 2.72e-10 s                 ; 2.69e-10 s                 ; Yes                       ; Yes                       ;
; SEG7[6]       ; 2.5 V        ; 0 s                 ; 0 s                 ; 2.62 V                       ; 4.05e-08 V                   ; 2.72 V              ; -0.0349 V           ; 0.173 V                              ; 0.1 V                                ; 2.72e-10 s                  ; 2.69e-10 s                  ; Yes                        ; Yes                        ; 2.62 V                      ; 4.05e-08 V                  ; 2.72 V             ; -0.0349 V          ; 0.173 V                             ; 0.1 V                               ; 2.72e-10 s                 ; 2.69e-10 s                 ; Yes                       ; Yes                       ;
; ~ALTERA_DCLK~ ; 2.5 V        ; 0 s                 ; 0 s                 ; 2.62 V                       ; 2.22e-08 V                   ; 2.74 V              ; -0.06 V             ; 0.158 V                              ; 0.08 V                               ; 2.68e-10 s                  ; 2.19e-10 s                  ; Yes                        ; Yes                        ; 2.62 V                      ; 2.22e-08 V                  ; 2.74 V             ; -0.06 V            ; 0.158 V                             ; 0.08 V                              ; 2.68e-10 s                 ; 2.19e-10 s                 ; Yes                       ; Yes                       ;
; ~ALTERA_nCEO~ ; 2.5 V        ; 0 s                 ; 0 s                 ; 2.62 V                       ; 3.54e-08 V                   ; 2.7 V               ; -0.00943 V          ; 0.276 V                              ; 0.035 V                              ; 3.19e-10 s                  ; 4.99e-10 s                  ; No                         ; Yes                        ; 2.62 V                      ; 3.54e-08 V                  ; 2.7 V              ; -0.00943 V         ; 0.276 V                             ; 0.035 V                             ; 3.19e-10 s                 ; 4.99e-10 s                 ; No                        ; Yes                       ;
+---------------+--------------+---------------------+---------------------+------------------------------+------------------------------+---------------------+---------------------+--------------------------------------+--------------------------------------+-----------------------------+-----------------------------+----------------------------+----------------------------+-----------------------------+-----------------------------+--------------------+--------------------+-------------------------------------+-------------------------------------+----------------------------+----------------------------+---------------------------+---------------------------+


+---------------------------------------------------------------------+
; Setup Transfers                                                     ;
+------------+-----------+-----------+----------+----------+----------+
; From Clock ; To Clock  ; RR Paths  ; FR Paths ; RF Paths ; FF Paths ;
+------------+-----------+-----------+----------+----------+----------+
; clk_50MHz  ; clk_50MHz ; 107227372 ; 0        ; 0        ; 0        ;
+------------+-----------+-----------+----------+----------+----------+
Entries labeled "false path" only account for clock-to-clock false paths and not path-based false paths. As a result, actual path counts may be lower than reported.


+---------------------------------------------------------------------+
; Hold Transfers                                                      ;
+------------+-----------+-----------+----------+----------+----------+
; From Clock ; To Clock  ; RR Paths  ; FR Paths ; RF Paths ; FF Paths ;
+------------+-----------+-----------+----------+----------+----------+
; clk_50MHz  ; clk_50MHz ; 107227372 ; 0        ; 0        ; 0        ;
+------------+-----------+-----------+----------+----------+----------+
Entries labeled "false path" only account for clock-to-clock false paths and not path-based false paths. As a result, actual path counts may be lower than reported.


---------------
; Report TCCS ;
---------------
No dedicated SERDES Transmitter circuitry present in device or used in design


---------------
; Report RSKM ;
---------------
No non-DPA dedicated SERDES Receiver circuitry present in device or used in design


+------------------------------------------------+
; Unconstrained Paths Summary                    ;
+---------------------------------+-------+------+
; Property                        ; Setup ; Hold ;
+---------------------------------+-------+------+
; Illegal Clocks                  ; 0     ; 0    ;
; Unconstrained Clocks            ; 0     ; 0    ;
; Unconstrained Input Ports       ; 9     ; 9    ;
; Unconstrained Input Port Paths  ; 636   ; 636  ;
; Unconstrained Output Ports      ; 56    ; 56   ;
; Unconstrained Output Port Paths ; 1071  ; 1071 ;
+---------------------------------+-------+------+


+--------------------------------------------+
; Clock Status Summary                       ;
+-----------+-----------+------+-------------+
; Target    ; Clock     ; Type ; Status      ;
+-----------+-----------+------+-------------+
; clk_50MHz ; clk_50MHz ; Base ; Constrained ;
+-----------+-----------+------+-------------+


+---------------------------------------------------------------------------------------------------+
; Unconstrained Input Ports                                                                         ;
+------------+--------------------------------------------------------------------------------------+
; Input Port ; Comment                                                                              ;
+------------+--------------------------------------------------------------------------------------+
; BTN1       ; No input delay, min/max delays, false-path exceptions, or max skew assignments found ;
; BTN2       ; No input delay, min/max delays, false-path exceptions, or max skew assignments found ;
; SW[0]      ; No input delay, min/max delays, false-path exceptions, or max skew assignments found ;
; SW[1]      ; No input delay, min/max delays, false-path exceptions, or max skew assignments found ;
; SW[2]      ; No input delay, min/max delays, false-path exceptions, or max skew assignments found ;
; SW[3]      ; No input delay, min/max delays, false-path exceptions, or max skew assignments found ;
; SW[4]      ; No input delay, min/max delays, false-path exceptions, or max skew assignments found ;
; SW[5]      ; No input delay, min/max delays, false-path exceptions, or max skew assignments found ;
; rst_n      ; No input delay, min/max delays, false-path exceptions, or max skew assignments found ;
+------------+--------------------------------------------------------------------------------------+


+-----------------------------------------------------------------------------------------------------+
; Unconstrained Output Ports                                                                          ;
+-------------+---------------------------------------------------------------------------------------+
; Output Port ; Comment                                                                               ;
+-------------+---------------------------------------------------------------------------------------+
; SEG0[0]     ; No output delay, min/max delays, false-path exceptions, or max skew assignments found ;
; SEG0[1]     ; No output delay, min/max delays, false-path exceptions, or max skew assignments found ;
; SEG0[2]     ; No output delay, min/max delays, false-path exceptions, or max skew assignments found ;
; SEG0[3]     ; No output delay, min/max delays, false-path exceptions, or max skew assignments found ;
; SEG0[4]     ; No output delay, min/max delays, false-path exceptions, or max skew assignments found ;
; SEG0[5]     ; No output delay, min/max delays, false-path exceptions, or max skew assignments found ;
; SEG0[6]     ; No output delay, min/max delays, false-path exceptions, or max skew assignments found ;
; SEG1[0]     ; No output delay, min/max delays, false-path exceptions, or max skew assignments found ;
; SEG1[1]     ; No output delay, min/max delays, false-path exceptions, or max skew assignments found ;
; SEG1[2]     ; No output delay, min/max delays, false-path exceptions, or max skew assignments found ;
; SEG1[3]     ; No output delay, min/max delays, false-path exceptions, or max skew assignments found ;
; SEG1[4]     ; No output delay, min/max delays, false-path exceptions, or max skew assignments found ;
; SEG1[5]     ; No output delay, min/max delays, false-path exceptions, or max skew assignments found ;
; SEG1[6]     ; No output delay, min/max delays, false-path exceptions, or max skew assignments found ;
; SEG2[0]     ; No output delay, min/max delays, false-path exceptions, or max skew assignments found ;
; SEG2[1]     ; No output delay, min/max delays, false-path exceptions, or max skew assignments found ;
; SEG2[2]     ; No output delay, min/max delays, false-path exceptions, or max skew assignments found ;
; SEG2[3]     ; No output delay, min/max delays, false-path exceptions, or max skew assignments found ;
; SEG2[4]     ; No output delay, min/max delays, false-path exceptions, or max skew assignments found ;
; SEG2[5]     ; No output delay, min/max delays, false-path exceptions, or max skew assignments found ;
; SEG2[6]     ; No output delay, min/max delays, false-path exceptions, or max skew assignments found ;
; SEG3[0]     ; No output delay, min/max delays, false-path exceptions, or max skew assignments found ;
; SEG3[1]     ; No output delay, min/max delays, false-path exceptions, or max skew assignments found ;
; SEG3[2]     ; No output delay, min/max delays, false-path exceptions, or max skew assignments found ;
; SEG3[3]     ; No output delay, min/max delays, false-path exceptions, or max skew assignments found ;
; SEG3[4]     ; No output delay, min/max delays, false-path exceptions, or max skew assignments found ;
; SEG3[5]     ; No output delay, min/max delays, false-path exceptions, or max skew assignments found ;
; SEG3[6]     ; No output delay, min/max delays, false-path exceptions, or max skew assignments found ;
; SEG4[0]     ; No output delay, min/max delays, false-path exceptions, or max skew assignments found ;
; SEG4[1]     ; No output delay, min/max delays, false-path exceptions, or max skew assignments found ;
; SEG4[2]     ; No output delay, min/max delays, false-path exceptions, or max skew assignments found ;
; SEG4[3]     ; No output delay, min/max delays, false-path exceptions, or max skew assignments found ;
; SEG4[4]     ; No output delay, min/max delays, false-path exceptions, or max skew assignments found ;
; SEG4[5]     ; No output delay, min/max delays, false-path exceptions, or max skew assignments found ;
; SEG4[6]     ; No output delay, min/max delays, false-path exceptions, or max skew assignments found ;
; SEG5[0]     ; No output delay, min/max delays, false-path exceptions, or max skew assignments found ;
; SEG5[1]     ; No output delay, min/max delays, false-path exceptions, or max skew assignments found ;
; SEG5[2]     ; No output delay, min/max delays, false-path exceptions, or max skew assignments found ;
; SEG5[3]     ; No output delay, min/max delays, false-path exceptions, or max skew assignments found ;
; SEG5[4]     ; No output delay, min/max delays, false-path exceptions, or max skew assignments found ;
; SEG5[5]     ; No output delay, min/max delays, false-path exceptions, or max skew assignments found ;
; SEG5[6]     ; No output delay, min/max delays, false-path exceptions, or max skew assignments found ;
; SEG6[0]     ; No output delay, min/max delays, false-path exceptions, or max skew assignments found ;
; SEG6[1]     ; No output delay, min/max delays, false-path exceptions, or max skew assignments found ;
; SEG6[2]     ; No output delay, min/max delays, false-path exceptions, or max skew assignments found ;
; SEG6[3]     ; No output delay, min/max delays, false-path exceptions, or max skew assignments found ;
; SEG6[4]     ; No output delay, min/max delays, false-path exceptions, or max skew assignments found ;
; SEG6[5]     ; No output delay, min/max delays, false-path exceptions, or max skew assignments found ;
; SEG6[6]     ; No output delay, min/max delays, false-path exceptions, or max skew assignments found ;
; SEG7[0]     ; No output delay, min/max delays, false-path exceptions, or max skew assignments found ;
; SEG7[1]     ; No output delay, min/max delays, false-path exceptions, or max skew assignments found ;
; SEG7[2]     ; No output delay, min/max delays, false-path exceptions, or max skew assignments found ;
; SEG7[3]     ; No output delay, min/max delays, false-path exceptions, or max skew assignments found ;
; SEG7[4]     ; No output delay, min/max delays, false-path exceptions, or max skew assignments found ;
; SEG7[5]     ; No output delay, min/max delays, false-path exceptions, or max skew assignments found ;
; SEG7[6]     ; No output delay, min/max delays, false-path exceptions, or max skew assignments found ;
+-------------+---------------------------------------------------------------------------------------+


+---------------------------------------------------------------------------------------------------+
; Unconstrained Input Ports                                                                         ;
+------------+--------------------------------------------------------------------------------------+
; Input Port ; Comment                                                                              ;
+------------+--------------------------------------------------------------------------------------+
; BTN1       ; No input delay, min/max delays, false-path exceptions, or max skew assignments found ;
; BTN2       ; No input delay, min/max delays, false-path exceptions, or max skew assignments found ;
; SW[0]      ; No input delay, min/max delays, false-path exceptions, or max skew assignments found ;
; SW[1]      ; No input delay, min/max delays, false-path exceptions, or max skew assignments found ;
; SW[2]      ; No input delay, min/max delays, false-path exceptions, or max skew assignments found ;
; SW[3]      ; No input delay, min/max delays, false-path exceptions, or max skew assignments found ;
; SW[4]      ; No input delay, min/max delays, false-path exceptions, or max skew assignments found ;
; SW[5]      ; No input delay, min/max delays, false-path exceptions, or max skew assignments found ;
; rst_n      ; No input delay, min/max delays, false-path exceptions, or max skew assignments found ;
+------------+--------------------------------------------------------------------------------------+


+-----------------------------------------------------------------------------------------------------+
; Unconstrained Output Ports                                                                          ;
+-------------+---------------------------------------------------------------------------------------+
; Output Port ; Comment                                                                               ;
+-------------+---------------------------------------------------------------------------------------+
; SEG0[0]     ; No output delay, min/max delays, false-path exceptions, or max skew assignments found ;
; SEG0[1]     ; No output delay, min/max delays, false-path exceptions, or max skew assignments found ;
; SEG0[2]     ; No output delay, min/max delays, false-path exceptions, or max skew assignments found ;
; SEG0[3]     ; No output delay, min/max delays, false-path exceptions, or max skew assignments found ;
; SEG0[4]     ; No output delay, min/max delays, false-path exceptions, or max skew assignments found ;
; SEG0[5]     ; No output delay, min/max delays, false-path exceptions, or max skew assignments found ;
; SEG0[6]     ; No output delay, min/max delays, false-path exceptions, or max skew assignments found ;
; SEG1[0]     ; No output delay, min/max delays, false-path exceptions, or max skew assignments found ;
; SEG1[1]     ; No output delay, min/max delays, false-path exceptions, or max skew assignments found ;
; SEG1[2]     ; No output delay, min/max delays, false-path exceptions, or max skew assignments found ;
; SEG1[3]     ; No output delay, min/max delays, false-path exceptions, or max skew assignments found ;
; SEG1[4]     ; No output delay, min/max delays, false-path exceptions, or max skew assignments found ;
; SEG1[5]     ; No output delay, min/max delays, false-path exceptions, or max skew assignments found ;
; SEG1[6]     ; No output delay, min/max delays, false-path exceptions, or max skew assignments found ;
; SEG2[0]     ; No output delay, min/max delays, false-path exceptions, or max skew assignments found ;
; SEG2[1]     ; No output delay, min/max delays, false-path exceptions, or max skew assignments found ;
; SEG2[2]     ; No output delay, min/max delays, false-path exceptions, or max skew assignments found ;
; SEG2[3]     ; No output delay, min/max delays, false-path exceptions, or max skew assignments found ;
; SEG2[4]     ; No output delay, min/max delays, false-path exceptions, or max skew assignments found ;
; SEG2[5]     ; No output delay, min/max delays, false-path exceptions, or max skew assignments found ;
; SEG2[6]     ; No output delay, min/max delays, false-path exceptions, or max skew assignments found ;
; SEG3[0]     ; No output delay, min/max delays, false-path exceptions, or max skew assignments found ;
; SEG3[1]     ; No output delay, min/max delays, false-path exceptions, or max skew assignments found ;
; SEG3[2]     ; No output delay, min/max delays, false-path exceptions, or max skew assignments found ;
; SEG3[3]     ; No output delay, min/max delays, false-path exceptions, or max skew assignments found ;
; SEG3[4]     ; No output delay, min/max delays, false-path exceptions, or max skew assignments found ;
; SEG3[5]     ; No output delay, min/max delays, false-path exceptions, or max skew assignments found ;
; SEG3[6]     ; No output delay, min/max delays, false-path exceptions, or max skew assignments found ;
; SEG4[0]     ; No output delay, min/max delays, false-path exceptions, or max skew assignments found ;
; SEG4[1]     ; No output delay, min/max delays, false-path exceptions, or max skew assignments found ;
; SEG4[2]     ; No output delay, min/max delays, false-path exceptions, or max skew assignments found ;
; SEG4[3]     ; No output delay, min/max delays, false-path exceptions, or max skew assignments found ;
; SEG4[4]     ; No output delay, min/max delays, false-path exceptions, or max skew assignments found ;
; SEG4[5]     ; No output delay, min/max delays, false-path exceptions, or max skew assignments found ;
; SEG4[6]     ; No output delay, min/max delays, false-path exceptions, or max skew assignments found ;
; SEG5[0]     ; No output delay, min/max delays, false-path exceptions, or max skew assignments found ;
; SEG5[1]     ; No output delay, min/max delays, false-path exceptions, or max skew assignments found ;
; SEG5[2]     ; No output delay, min/max delays, false-path exceptions, or max skew assignments found ;
; SEG5[3]     ; No output delay, min/max delays, false-path exceptions, or max skew assignments found ;
; SEG5[4]     ; No output delay, min/max delays, false-path exceptions, or max skew assignments found ;
; SEG5[5]     ; No output delay, min/max delays, false-path exceptions, or max skew assignments found ;
; SEG5[6]     ; No output delay, min/max delays, false-path exceptions, or max skew assignments found ;
; SEG6[0]     ; No output delay, min/max delays, false-path exceptions, or max skew assignments found ;
; SEG6[1]     ; No output delay, min/max delays, false-path exceptions, or max skew assignments found ;
; SEG6[2]     ; No output delay, min/max delays, false-path exceptions, or max skew assignments found ;
; SEG6[3]     ; No output delay, min/max delays, false-path exceptions, or max skew assignments found ;
; SEG6[4]     ; No output delay, min/max delays, false-path exceptions, or max skew assignments found ;
; SEG6[5]     ; No output delay, min/max delays, false-path exceptions, or max skew assignments found ;
; SEG6[6]     ; No output delay, min/max delays, false-path exceptions, or max skew assignments found ;
; SEG7[0]     ; No output delay, min/max delays, false-path exceptions, or max skew assignments found ;
; SEG7[1]     ; No output delay, min/max delays, false-path exceptions, or max skew assignments found ;
; SEG7[2]     ; No output delay, min/max delays, false-path exceptions, or max skew assignments found ;
; SEG7[3]     ; No output delay, min/max delays, false-path exceptions, or max skew assignments found ;
; SEG7[4]     ; No output delay, min/max delays, false-path exceptions, or max skew assignments found ;
; SEG7[5]     ; No output delay, min/max delays, false-path exceptions, or max skew assignments found ;
; SEG7[6]     ; No output delay, min/max delays, false-path exceptions, or max skew assignments found ;
+-------------+---------------------------------------------------------------------------------------+


+--------------------------+
; Timing Analyzer Messages ;
+--------------------------+
Info: *******************************************************************
Info: Running Quartus Prime Timing Analyzer
    Info: Version 25.1std.0 Build 1129 10/21/2025 SC Lite Edition
    Info: Processing started: Wed Aug 26 18:06:00 2026
Info: Command: quartus_sta control_controller -c control_controller
Info: qsta_default_script.tcl version: #1
Warning (18236): Number of processors has not been specified which may cause overloading on shared machines.  Set the global assignment NUM_PARALLEL_PROCESSORS in your QSF to an appropriate value for best performance.
Info (20030): Parallel compilation is enabled and will use 14 of the 14 processors detected
Info (21077): Low junction temperature is 0 degrees C
Info (21077): High junction temperature is 85 degrees C
Critical Warning (332012): Synopsys Design Constraints File file not found: 'control_controller.sdc'. A Synopsys Design Constraints File is required by the Timing Analyzer to get proper timing constraints. Without it, the Compiler will not properly optimize the design.
Info (332142): No user constrained base clocks found in the design. Calling "derive_clocks -period 1.0"
Info (332105): Deriving Clocks
    Info (332105): create_clock -period 1.000 -name clk_50MHz clk_50MHz
Info (332143): No user constrained clock uncertainty found in the design. Calling "derive_clock_uncertainty"
Info (332123): Deriving Clock Uncertainty. Please refer to report_sdc in the Timing Analyzer to see clock uncertainties.
Info: Found TIMING_ANALYZER_REPORT_SCRIPT_INCLUDE_DEFAULT_ANALYSIS = ON
Info: Analyzing Slow 1200mV 85C Model
Critical Warning (332148): Timing requirements not met
    Info (11105): For recommendations on closing timing, run Report Timing Closure Recommendations in the Timing Analyzer.
Info (332146): Worst-case setup slack is -11.640
    Info (332119):     Slack       End Point TNS Clock 
    Info (332119): ========= =================== =====================
    Info (332119):   -11.640            -402.816 clk_50MHz 
Info (332146): Worst-case hold slack is 0.403
    Info (332119):     Slack       End Point TNS Clock 
    Info (332119): ========= =================== =====================
    Info (332119):     0.403               0.000 clk_50MHz 
Info (332140): No Recovery paths to report
Info (332140): No Removal paths to report
Info (332146): Worst-case minimum pulse width slack is -3.000
    Info (332119):     Slack       End Point TNS Clock 
    Info (332119): ========= =================== =====================
    Info (332119):    -3.000            -123.790 clk_50MHz 
Info: Analyzing Slow 1200mV 0C Model
Info (334003): Started post-fitting delay annotation
Info (334004): Delay annotation completed successfully
Info (332123): Deriving Clock Uncertainty. Please refer to report_sdc in the Timing Analyzer to see clock uncertainties.
Critical Warning (332148): Timing requirements not met
    Info (11105): For recommendations on closing timing, run Report Timing Closure Recommendations in the Timing Analyzer.
Info (332146): Worst-case setup slack is -10.506
    Info (332119):     Slack       End Point TNS Clock 
    Info (332119): ========= =================== =====================
    Info (332119):   -10.506            -358.136 clk_50MHz 
Info (332146): Worst-case hold slack is 0.354
    Info (332119):     Slack       End Point TNS Clock 
    Info (332119): ========= =================== =====================
    Info (332119):     0.354               0.000 clk_50MHz 
Info (332140): No Recovery paths to report
Info (332140): No Removal paths to report
Info (332146): Worst-case minimum pulse width slack is -3.000
    Info (332119):     Slack       End Point TNS Clock 
    Info (332119): ========= =================== =====================
    Info (332119):    -3.000            -123.790 clk_50MHz 
Info: Analyzing Fast 1200mV 0C Model
Info (332123): Deriving Clock Uncertainty. Please refer to report_sdc in the Timing Analyzer to see clock uncertainties.
Critical Warning (332148): Timing requirements not met
    Info (11105): For recommendations on closing timing, run Report Timing Closure Recommendations in the Timing Analyzer.
Info (332146): Worst-case setup slack is -5.195
    Info (332119):     Slack       End Point TNS Clock 
    Info (332119): ========= =================== =====================
    Info (332119):    -5.195            -152.956 clk_50MHz 
Info (332146): Worst-case hold slack is 0.182
    Info (332119):     Slack       End Point TNS Clock 
    Info (332119): ========= =================== =====================
    Info (332119):     0.182               0.000 clk_50MHz 
Info (332140): No Recovery paths to report
Info (332140): No Removal paths to report
Info (332146): Worst-case minimum pulse width slack is -3.000
    Info (332119):     Slack       End Point TNS Clock 
    Info (332119): ========= =================== =====================
    Info (332119):    -3.000            -103.103 clk_50MHz 
Info (332102): Design is not fully constrained for setup requirements
Info (332102): Design is not fully constrained for hold requirements
Info: Quartus Prime Timing Analyzer was successful. 0 errors, 5 warnings
    Info: Peak virtual memory: 5006 megabytes
    Info: Processing ended: Wed Aug 26 18:06:02 2026
    Info: Elapsed time: 00:00:02
    Info: Total CPU time (on all processors): 00:00:02


